city,theatre_name,average_ticket_price,total_seats,no_screens,type,theatre_chain,lat,lon,calculated_seats,calculated_ticket_prices,calculated_screens,average_2,source_of_information,notes
Ahmedabad,"AB Miniplex: Shivranjini Cross Road, Satellite",125.6190476,302,3,Multiplex,,23.02494,72.52938,302,118,3,124,BookMyShow,
Ahmedabad,Amber Cinema: Ahmedabad,100.8333333,763,1,Single Screen,,23.03431,72.62002,763,80,1,98.75,BookMyShow,
Ahmedabad,Anupam Cinema: Ahmedabad,125.8333333,781,1,Single Screen,,23.00656,72.61333,781,80,1,121.25,BookMyShow,
Ahmedabad,"Apsara Cinema, Behrampura",,1117,1,Single Screen,,23.0039742,72.597468,,,,,MediaAnt,
Ahmedabad,"Aradhana Cinema, Behrampura",,455,1,Single Screen,,23.00396,72.5975195,,,,,MediaAnt,
Ahmedabad,Carnival: Himalaya Mall,189.0509259,1110,5,Multiplex,Carnival,23.04708,72.53093,1106,126.9333333,5,178.1166667,"BookMyShow, MediaAnt",
Ahmedabad,"Cinemax: Dev Arc, Ahmedabad",176.4351852,1047,4,Multiplex,PVR,23.02573,72.50776,1047,123.3333333,4,173.5802469,BookMyShow,
Ahmedabad,"Cinemax: Red Carpet, Ahmedabad",152.0524691,991,4,Multiplex,PVR,23.07968,72.5277,991,107.5,4,154.375,BookMyShow,
Ahmedabad,"Cinemax: Shiv, Ahmedabad",176.2777778,637,3,Multiplex,PVR,23.03188,72.57103,637,138.3333333,3,172.8125,BookMyShow,https://en.wikipedia.org/wiki/CineMAX
Ahmedabad,"Cinepolis: Alpha One Mall, Ahmedabad",197.9494949,1136,6,Multiplex,Cinepolis,23.03952,72.53199,1219,140,6,195,"BookMyShow, MediaAnt",
Ahmedabad,City Gold Satellite: Ahmedabad,156.1458333,371,4,Multiplex,City Gold,23.01568,72.52992,494,118,4,157.8333333,BookMyShow,
Ahmedabad,City Gold: Ashram Road,159.9814815,1313,5,Multiplex,City Gold,23.0319,72.56999,1287,110,5,161.6666667,"BookMyShow, MediaAnt",
Ahmedabad,City Gold: Bapunagar,101.1666667,419,4,Multiplex,City Gold,23.03743,72.61513,438,85,4,100.8695652,"BookMyShow, MediaAnt",
Ahmedabad,City Gold: Bopal,152.3571429,462,4,Multiplex,City Gold,23.02869,72.47856,462,100,4,156.8181818,BookMyShow,
Ahmedabad,City Gold: Motera,111.5,728,2,Multiplex,City Gold,23.09203,72.59319,728,90,2,104,BookMyShow,
Ahmedabad,Devi Multiplex: Naroda,94.77777778,804,3,Multiplex,,23.07253,72.64998,1536,80,3,94.58333333,"BookMyShow, MediaAnt",
Ahmedabad,"Galaxy, Station Road",,909,1,Single Screen,,23.0748037,72.6554437,,,,,MediaAnt,
Ahmedabad,"Hanjar Cinema, Gandhi Ashram",,995,1,Single Screen,,23.0263983,72.6040875,,,,,MediaAnt,
Ahmedabad,K Sera Sera: SG Highway,155.2083333,152,2,Multiplex,K Sera Sera,23.02873,72.50858,152,125,2,156.6666667,BookMyShow,
Ahmedabad,"Mira Cinema, Bhairavnath Road",,1028,1,Single Screen,,22.9972166,72.5927863,,,,,MediaAnt,
Ahmedabad,Miraj Cinemas Cine Pride: Krishna Nagar,105.5,829,4,Multiplex,Miraj Cinema,23.05369,72.64335,829,73.75,4,108.75,BookMyShow,
Ahmedabad,"Miraj Cinemas: Vitthal Plaza, New Naroda",150.4583333,372,3,Multiplex,Miraj Cinema,23.07891,72.67304,372,103.3333333,3,150,BookMyShow,http://www.indiantelevision.com/movies/hindi/miraj-cinemas-adds-four-multiplexes-in-15-days-inches-closer-to-100-plan-170428
Ahmedabad,Miraj City Pulse: Ahmedabad,158.7590909,936,4,Multiplex,Miraj Cinema,23.01467,72.5964,936,110,6,161.3043478,BookMyShow,
Ahmedabad,"Mukta A2 Cinemas: Gulmohar Park Mall, Satellite Rd",151.2708333,404,4,Multiplex,Mukta A2,23.02655,72.50996,343,110.5,4,155.08,"BookMyShow, MediaAnt",
Ahmedabad,"PVR: Acropolis, Ahmedabad",232.1338384,1343,6,Multiplex,PVR,23.04884,72.51621,1343,157.2222222,6,231.3888889,BookMyShow,
Ahmedabad,"PVR: Arved Transcube, Ahmedabad",167.8217593,1404,7,Multiplex,PVR,23.0685,72.57602,1498,137.8571429,7,167.6086957,"BookMyShow, MediaAnt",http://www.indiainfoline.com/article/news-top-story/pvr-pvr-all-set-to-open-its-sixth-multiplex-in-ahmedabad-117012500436_1.html
Ahmedabad,"PVR: Motera, Ahmedabad",154.3333333,1102,4,Multiplex,PVR,23.10273,72.59521,1141,130,4,154.4642857,"BookMyShow, Internet Research",http://deshgujarat.com/2014/07/03/pvr-opens-another-multiplex-in-ahmedabad-at-motera/
Ahmedabad,Rajhans Cinemas: Nikol,114.5055556,741,3,Multiplex,Rajhans,23.05089,72.66758,741,70,3,119.5614035,BookMyShow,
Ahmedabad,Rajhans Cinemas: Satadhar,124.2296296,1080,4,Multiplex,Rajhans,23.06663,72.53127,1081,87.5,4,127.52,"BookMyShow, Internet Research",http://www.rajhanscinemas.com/cinema.aspx
Ahmedabad,Revolution Multiplex: Ahmedabad,148.75,423,4,Multiplex,,22.99858,72.63548,423,148.75,4,148.9333333,BookMyShow,
Ahmedabad,"Sapna Cinema, Juhapura",,1401,1,Single Screen,,22.9855719,72.500771,,,,,MediaAnt,
Ahmedabad,"Shital Cinema, Gomtipur",,350,1,Single Screen,,23.0217999,72.6105388,,,,,MediaAnt,
Ahmedabad,"Shree Balaji Agora Mall, Chandkheda",,802,4,Multiplex,,23.1144241,72.5679062,,,,,MediaAnt,
Ahmedabad,"Time Cinema: CG Road, Ahmedabad",176.4583333,372,4,Multiplex,,23.02435,72.55651,372,145,4,180,BookMyShow,http://deshgujarat.com/2016/12/28/time-cinema-brings-first-multiplex-to-cg-road-in-ahmedabad/
Ahmedabad,"Usha Talkies, Gomtipur",,550,1,Single Screen,,23.017995,72.6152555,,,,,MediaAnt,
Ahmedabad,Wide Angle: Ahmedabad,166.1531987,1400,5,Multiplex,,23.02457,72.50745,185,153.75,4,182.5555556,"BookMyShow, Internet Research",https://www.wideangleindia.co.in/AboutUs/AboutUs
Bangalore,"7D Mastii: Element Mall, Nagwara",150,18,1,Single Screen,Mastiii 7D,13.04541,77.6266,90,150,5,150,BookMyShow,
Bangalore,"7D Mastiii: Forum Value Mall, Whitefield",150,16,1,Single Screen,Mastiii 7D,12.95972,77.74778,80,150,5,150,BookMyShow,
Bangalore,"7D Voyage: Central Mall, Bellandur",180,8,1,Single Screen,7D Voyage,12.9264,77.67533,40,180,5,180,BookMyShow,
Bangalore,7D VR Voyage: Garuda Mall,190,8,1,Single Screen,7D Voyage,12.97004,77.60999,40,190,5,190,BookMyShow,
Bangalore,Abhinay Theatre: Gandhi Nagar,130,1019,1,Single Screen,,12.97354,77.57755,491,130,1,130,"BookMyShow, MediaAnt",
Bangalore,Akash Cinemas (Rajeshwari Theatre): Laggere,125,780,1,Single Screen,,13.01481,77.51611,254,125,1,125,"BookMyShow, MediaAnt",
Bangalore,Amruth Theatre: Lingarajapuram,127.5,926,1,Single Screen,,13.01244,77.62621,219,105,1,127.5,"BookMyShow, MediaAnt",
Bangalore,"Anand Theatre, No-268",,947,1,Single Screen,,13.011335,77.609965,,,,,MediaAnt,
Bangalore,Anjan Digital 4K A/C Cinema: Magadi Road,125,990,1,Single Screen,,12.97517,77.55891,97,125,1,125,"BookMyShow, MediaAnt",
Bangalore,Anupama Theatre: Gandhinagar,106.5,1032,1,Single Screen,,12.97616,77.5756,387,106.5,1,106.5,"BookMyShow, MediaAnt",
Bangalore,Aruna Theatre: Srirampuram,109,936,1,Single Screen,,12.98679,77.56722,256,109,1,109,"BookMyShow, MediaAnt",
Bangalore,"Ascendas Park Square Mall, EPIP",,779,4,Multiplex,Q Cinemas,12.987032,77.736366,,,,,MediaAnt,
Bangalore,Balaji Digital 2K Cinema: Tavarekere,120,880,1,Single Screen,,12.92554,77.60781,323,132.5,1,117.5,"BookMyShow, MediaAnt",
Bangalore,"Bharathi Chitra Mandira, Dasarahalli",,1070,1,Single Screen,,13.0415115,77.5175238,,,,,MediaAnt,
Bangalore,Bhumika Digital 2K Cinema: Gandhinagar,135,894,1,Single Screen,,12.97382,77.57964,344,135,1,135,"BookMyShow, MediaAnt",
Bangalore,Carnival: Rockline Mall,179.4444444,1011,4,Multiplex,Carnival,13.04075,77.51825,732,172.5,4,181.6666667,"BookMyShow, MediaAnt",
Bangalore,Cauvery Theatre: Sankey Road,123.3333333,1210,1,Single Screen,,13.00256,77.58328,757,123.3333333,1,123.3333333,"BookMyShow, MediaAnt",
Bangalore,Chandrodaya Digital 2K Cinema: Vidyapeeta Circle,110,960,1,Single Screen,,12.93546,77.56129,294,110,1,110,BookMyShow,
Bangalore,Cinepolis: Binnypet Mall,220.537415,1580,8,Multiplex,Cinepolis,12.96579,77.56202,1521,178.125,8,231.4285714,"BookMyShow, MediaAnt",
Bangalore,"Cinepolis: Orion East Mall, Banaswadi",244.5454545,1097,5,Multiplex,Cinepolis,13.00121,77.63265,1119,264,5,251.9230769,"BookMyShow, MediaAnt",
Bangalore,Cinepolis: Royal Meenakshi Mall,271,1344,7,Multiplex,Cinepolis,12.876,77.59582,1091,230,7,272.1621622,"BookMyShow, MediaAnt",
Bangalore,Cinesquare Savitha Theatre: Malleshwaram,133.3333333,350,1,Single Screen,,12.99296,77.57113,128,110,1,133.3333333,"BookMyShow, Internet Research",http://davp.nic.in/ufo.pdf
Bangalore,"Deepak Theatre, Mahatma Gandhi Road",,525,1,Single Screen,,12.997947,77.5405319,,,,,MediaAnt,
Bangalore,Eshwari Digital 2K Cinema: Banashankari,108.3333333,918,1,Single Screen,,12.92359,77.55344,444,125,1,115,"BookMyShow, MediaAnt",
Bangalore,Everest Digital 2K Cinema: Frazer Town,125,546,1,Single Screen,,13.00013,77.61844,243,125,1,125,"BookMyShow, MediaAnt",
Bangalore,"Fame Shankarnag Chitramandira, Mahatma Gandhi Road",,615,1,Single Screen,,12.9743036,77.6098151,,,,,MediaAnt,
Bangalore,"Fun Cinemas: Sigma Mall, Bengaluru",180.3571429,985,3,Multiplex,,12.9882,77.59477,745,145,3,179.6875,"BookMyShow, MediaAnt",http://www.indiaretailing.com/2007/10/12/retail/fun-cinemas-open-first-outlet-in-bangalore-at-sigma-mall/
Bangalore,Galaxy Paradise Screen 1: Bommanahalli Hosur Rd,160,100,1,Single Screen,,12.89108,77.62648,80,160,1,160,"BookMyShow, Internet Research",http://davp.nic.in/ufo.pdf
Bangalore,Galaxy Paradise: Screen 2,160,120,1,Single Screen,,12.89108,77.62648,100,160,1,160,"BookMyShow, Internet Research",http://davp.nic.in/ufo.pdf
Bangalore,"Ganesh Theatre, Attur",,713,1,Single Screen,,13.1001929,77.5872728,,,,,MediaAnt,
Bangalore,"Gopalan Cinemas: Arcade Mall, Mysore Road",250.3846154,1019,3,Multiplex,Gopalan Cinemas,12.93531,77.51761,1019,206.6666667,3,247.0588235,BookMyShow,
Bangalore,Gopalan Cinemas: Bannerghatta Road,261.1805556,852,3,Multiplex,Gopalan Cinemas,12.91444,77.5994,849,230,3,266.8421053,"BookMyShow, MediaAnt",
Bangalore,Gopalan Grand Mall: Old Madras Road,256.1111111,1030,4,Multiplex,Gopalan Cinemas,12.99336,77.66397,996,235,4,264.3478261,"BookMyShow, MediaAnt",
Bangalore,"Gopalan Miniplex: Signature Mall, Old Madras Road",260.3846154,157,3,Multiplex,Gopalan Cinemas,12.99299,77.66188,222,220,3,262.7777778,BookMyShow,
Bangalore,Goverdhan Theatre: Yeshwantpur,90,1064,1,Single Screen,,13.02163,77.55132,223,90,1,90,"BookMyShow, MediaAnt",
Bangalore,"Guru Siddeshwara Chitra Mandira, Anjanapura",,615,1,Single Screen,,12.8728904,77.5575757,,,,,MediaAnt,
Bangalore,HMT Digital 4K Cinema: Jalahalli,150,874,1,Single Screen,,13.0495,77.5439,107,150,1,150,BookMyShow,http://davp.nic.in/ri.pdf
Bangalore,Innovative Multiplex: Marathahalli,180,1406,4,Multiplex,,12.9519,77.69905,1406,187.5,4,186.9047619,BookMyShow,
Bangalore,"INOX Lido: Off MG Road, Ulsoor",338.4166667,1259,5,Multiplex,Inox,12.97324,77.62128,1259,271,5,338.6956522,BookMyShow,
Bangalore,INOX: Brookefield Mall,270.9259259,338,3,Multiplex,Inox,12.96623,77.71794,324,243.3333333,3,270,"BookMyShow, MediaAnt",
Bangalore,"INOX: Central, JP Nagar, Mantri Junction",343.0347222,1118,4,Multiplex,Inox,12.9164,77.59241,1057,266.25,4,337.9545455,"BookMyShow, MediaAnt",
Bangalore,"INOX: Forum Neighbourhood Mall, Whitefield",301.3636364,725,5,Multiplex,Inox,12.9595,77.74789,725,234,5,304.6428571,BookMyShow,
Bangalore,"INOX: Garuda Mall, Magrath Road",337.1212121,1103,5,Multiplex,Inox,12.97009,77.60943,1041,254,5,334.2857143,"BookMyShow, MediaAnt",
Bangalore,"INOX: Garuda Swagath Mall, Jayanagar",285.5555556,793,3,Multiplex,Inox,12.92906,77.59123,773,230,3,281.25,"BookMyShow, MediaAnt",
Bangalore,"INOX: Mantri Square, Malleshwaram",399.0611111,1497,6,Multiplex,Inox,12.99216,77.5703,1418,268,5,395.8064516,"BookMyShow, MediaAnt",
Bangalore,Kamakya Cinema: Banashankari,100,706,1,Single Screen,,12.92331,77.55334,308,100,1,100,"BookMyShow, MediaAnt",
Bangalore,Kapali Theatre: Gandhi Nagar,100,1475,1,Single Screen,,12.97791,77.57578,295,100,1,100,"BookMyShow, MediaAnt",
Bangalore,Keshava Theatre -,,809,1,Single Screen,,13.0282203,77.5538235,,,,,Internet Research,
Bangalore,Lakshmi Digital 4K Cinema: Tavarekere,132.5,900,1,Single Screen,,12.92524,77.60775,330,132.5,1,132.5,"BookMyShow, MediaAnt",
Bangalore,"Lakshmi Theatre, Dharmaram College",,900,1,Single Screen,,12.9362,77.6028377,,,,,MediaAnt,
Bangalore,"Lavanya, Sivan Chetty Gardens",,786,1,Single Screen,,12.9848012,77.6148355,,,,,MediaAnt,
Bangalore,Maheshwari Digital 4K Cinema: Bannerghatta Road,,0,0,Multiplex,,12.92339,77.59894,,,,,BookMyShow,
Bangalore,Manasa Digital 4K Dolby Atmos: Konanakunte,175,640,1,Single Screen,,12.89064,77.5622,250,175,1,175,"BookMyShow, MediaAnt",
Bangalore,"Manasa Theatre, Doddakallasandra",,640,1,Single Screen,,12.8906129,77.5622187,,,,,MediaAnt,
Bangalore,Menaka Talkies: Gandhi Nagar,130,971,1,Single Screen,,12.97314,77.57934,208,130,1,130,"BookMyShow, MediaAnt",
Bangalore,"Mohan Theatre, Magadi Main Road",,956,1,Single Screen,,12.9987083,77.5035393,,,,,MediaAnt,
Bangalore,Movie Land,,648,1,Single Screen,,12.9788182,77.5755948,,,,,Internet Research,
Bangalore,Mukunda Dolby Atmos: M S Nagar,159.375,814,1,Single Screen,,13.00325,77.63585,814,112.5,1,159.375,BookMyShow,
Bangalore,Murali Gokula Digital 4K Cinema: Mathikere,118,900,1,Single Screen,,13.03842,77.5526,206,118,1,118,"BookMyShow, MediaAnt",
Bangalore,"N Lakshmi Chitra Mandira, B G Road",,850,1,Single Screen,,12.860183,77.589458,,,,,MediaAnt,
Bangalore,"Nalanda Theatre, Mysore Road",,1090,1,Single Screen,,12.9605832,77.5578493,,,,,MediaAnt,
Bangalore,"Narendra Talkies, Arabic College",,500,1,Single Screen,,13.026733,77.62075,,,,,MediaAnt,
Bangalore,Nartaki Theatre: Gandhi Nagar,111.5,1150,1,Single Screen,,12.9743,77.57619,209,111.5,1,111.5,"BookMyShow, Internet Research",http://davp.nic.in/ri.pdf
Bangalore,Nataraj Theatre: Sheshadripuram,,1150,1,Single Screen,,12.9897863,77.5729823,,,,,Internet Research,
Bangalore,Navrang Theatre: Rajaji Nagar,90,990,1,Single Screen,,12.99784,77.5528,208,90,1,90,"BookMyShow, MediaAnt",
Bangalore,"Padma Theatre, Amruthahalli",,600,1,Single Screen,,13.0687241,77.6026388,,,,,MediaAnt,
Bangalore,Parimala Digital 2K Cinema: K.R.Market,,1112,1,Single Screen,,12.963107,77.57705,,,,,Internet Research,
Bangalore,Poornima Theatre: J.C. Road,115,934,1,Single Screen,,12.96096,77.58742,104,115,1,115,"BookMyShow, MediaAnt",
Bangalore,Pradeep Theatre: K.R.Market,,305,1,Single Screen,,12.963106,77.577049,,,,,Internet Research,
Bangalore,"Prasanna Theatre, Magadi Road",,1100,1,Single Screen,,12.9740859,77.5520529,,,,,MediaAnt,
Bangalore,Pushpanjali A/C Theatre: B.N. Pura,125,999,1,Single Screen,,12.99809,77.67521,320,125,1,125,"BookMyShow, MediaAnt",
Bangalore,"Pushpanjali Talkies, Dinnur Main Road",,1330,1,Single Screen,,13.0218949,77.6031292,,,,,MediaAnt,
Bangalore,"PVR: Arena Mahadevapura, Bengaluru",233.5353535,1084,6,Multiplex,PVR,12.97991,77.69319,1355,214.2857143,7,243.0107527,"BookMyShow, MediaAnt",
Bangalore,"PVR: Forum Gold, Bengaluru",825,32,1,Single Screen,PVR,12.93463,77.6113,32,685,1,832,BookMyShow,
Bangalore,"PVR: Forum, Bengaluru",286.9333333,1590,10,Multiplex,PVR,12.93463,77.6113,1526,261.25,8,290.7142857,"BookMyShow, MediaAnt",
Bangalore,"PVR: IMAX, VR Bengaluru, Whitefield",292,292,1,Single Screen,PVR,12.99639,77.69531,292,260,1,292,BookMyShow,
Bangalore,"PVR: Market City (4DX), Bengaluru",450,100,1,Single Screen,PVR,12.99725,77.69573,100,450,1,450,BookMyShow,
Bangalore,"PVR: Market City, Bengaluru",306.2100122,1106,9,Multiplex,PVR,12.99725,77.69573,1466,281.8518519,9,316.6269841,BookMyShow,
Bangalore,"PVR: MSR Elements Mall, Bengaluru",288.0883838,1383,7,Multiplex,PVR,13.04516,77.62658,1251,265.7142857,7,291.0185185,"BookMyShow, MediaAnt",
Bangalore,"PVR: Orion Gold, Rajajinagar",806.2962963,144,3,Single Screen,PVR,13.011,77.55509,144,580,3,788,BookMyShow,http://www.thehindubusinessline.com/companies/pvr-opens-3-gold-class-screens-at-orion-mall/article4720493.ece
Bangalore,"PVR: Orion, Rajajinagar",285.3444444,2714,8,Multiplex,PVR,13.011,77.55509,2513,231.6666667,8,286.6666667,"BookMyShow, MediaAnt",Media Ant Number  - BMS Orion Gold Number
Bangalore,"PVR: Pepsi IMAX, Koramangala",365,346,1,Single Screen,PVR,12.93455,77.61109,346,325,1,365,BookMyShow,
Bangalore,"PVR: Soul Spirit Bellandur, Bengaluru",290.8585859,1084,6,Multiplex,PVR,12.92676,77.67528,885,240,4,300.3174603,"BookMyShow, MediaAnt",
Bangalore,"PVR: Vaishnavi Sapphire Mall, Bengaluru",222.1363636,1058,6,Multiplex,PVR,13.02414,77.54897,1058,197.0833333,6,221.3709677,BookMyShow,
Bangalore,"PVR: VR Gold, Bengaluru",697.025,1,4,Multiplex,PVR,12.99651,77.69526,196,580,5,694.2105263,BookMyShow,http://economictimes.indiatimes.com/industry/media/entertainment/media/pvr-launches-9-screen-multiplex-largest-gold-class-and-imax-in-whitefield/articleshow/50355485.cms
Bangalore,"PVR: VR, Bengaluru",257.2,932,5,Multiplex,PVR,12.99651,77.69526,932,240,4,260.4761905,BookMyShow,Inference from link above
Bangalore,Radhakrishna Theatre: R.T. Nagar,125,921,1,Single Screen,,13.01337,77.59387,317,125,1,125,BookMyShow,
Bangalore,"Raja Murali Theatre, Kodigehalli Sahakar Nagar(post)",,558,1,Single Screen,,13.0605001,77.5768534,,,,,MediaAnt,
Bangalore,Rajarajeshwari Theatre: Nagarbhavi Circle,90,1080,1,Single Screen,,12.95695,77.50206,140,90,1,90,"BookMyShow, MediaAnt",
Bangalore,"Ranganatha Theatre, Mysore Road",,410,1,Single Screen,,12.9632206,77.5663842,,,,,MediaAnt,
Bangalore,Ravi Digital 2K Cinema: Ejipura,109,820,1,Single Screen,,12.95124,77.62217,256,109,1,109,"BookMyShow, Internet Research",
Bangalore,Rex Theatre: Brigade Road,185,707,1,Single Screen,,12.97262,77.60663,707,160,1,187.5,BookMyShow,
Bangalore,"Robin Theatre, Chudenapura",,850,1,Single Screen,,12.9160026,77.479051,,,,,MediaAnt,
Bangalore,Sampige Digital 2k Cinema: Malleshwaram,150,1129,1,Single Screen,,12.99307,77.5711,178,150,1,150,"BookMyShow, MediaAnt",
Bangalore,Sandeep Theatre: Shivaji Nagar,90,309,1,Single Screen,,12.98161,77.60294,117,90,1,90,"BookMyShow, MediaAnt",
Bangalore,Sandhya Digital 4K Projection Dolby Atmos: Madiwal,125,720,1,Single Screen,,12.92101,77.61794,305,125,1,125,"BookMyShow, MediaAnt",
Bangalore,Sangeet Theatre: Shivaji Nagar,115,860,1,Single Screen,,12.98161,77.60294,110,115,1,115,"BookMyShow, MediaAnt",
Bangalore,Santosh Theatre: Gandhinagar,106,680,1,Single Screen,,12.97484,77.57638,71,106,1,106,"BookMyShow, MediaAnt",
Bangalore,Sapna Theatre: Gandhi Nagar,95,345,1,Single Screen,,12.9743,77.57619,108,95,1,95,"BookMyShow, MediaAnt",
Bangalore,Sharada Cinemas A/C: S.P Road,109,680,1,Single Screen,,12.96528,77.58471,330,109,1,109,"BookMyShow, MediaAnt",
Bangalore,"Shobha Talkies, Bhabuji Nagar",,1000,1,Single Screen,,12.9574781,77.543303,,,,,MediaAnt,
Bangalore,"Soundarya Mahal, Antharahalli",,726,1,Single Screen,,12.9032569,77.5861215,,,,,MediaAnt,
Bangalore,Sri Balaji Digital 2K Cinema: Viveknagar,175,415,1,Single Screen,,12.95686,77.61944,246,175,1,175,"BookMyShow, MediaAnt",
Bangalore,Sri Kokila Theatre: Hosakerehalli,80,650,1,Single Screen,,12.93363,77.5373,201,80,1,80,"BookMyShow, Internet Research",http://davp.nic.in/ufo.pdf
Bangalore,Sri Krishna Digital 2K Cinema: Bommanahalli,100,800,1,Single Screen,,12.90535,77.62936,374,100,1,100,"BookMyShow, MediaAnt",
Bangalore,Sri Krishna Theatre: KR Puram,100,979,1,Single Screen,,13.00889,77.69893,73,100,1,100,"BookMyShow, MediaAnt",
Bangalore,Sri Lakshmi Theatre: Ramamurthy Nagar,100,618,1,Single Screen,,13.0103,77.67387,128,100,1,100,"BookMyShow, MediaAnt",
Bangalore,"Sri Madeswara Chitra Mandira, Bangalore",,1250,1,Single Screen,,12.9156484,77.5633059,,,,,MediaAnt,
Bangalore,"Sri Maruthi Theatre, Rajagopal Nagar",,1119,1,Single Screen,,13.0122659,77.5098421,,,,,MediaAnt,
Bangalore,Sri Renuka Prasanna Theatre: J P Nagar,104,1078,1,Single Screen,,12.91506,77.58783,173,104,1,104,"BookMyShow, Internet Research",http://davp.nic.in/ri.pdf
Bangalore,"Sri Siddalingeswara Chitra Mandira, Bangalore",,940,1,Single Screen,,12.9037028,77.5804877,,,,,MediaAnt,
Bangalore,Sri Srinivasa Theatre: Padmanabanagara,110,725,1,Single Screen,,12.90898,77.55804,177,110,1,110,"BookMyShow, Internet Research",http://davp.nic.in/ri.pdf
Bangalore,Sri Vajreshwari Theatre: Ullal,110,844,1,Single Screen,,12.94238,77.48814,322,110,1,110,"BookMyShow, MediaAnt",
Bangalore,Sri Venkateshwara Theatre: Kengeri,100,500,1,Single Screen,,12.90644,77.48277,90,100,1,100,"BookMyShow, MediaAnt",
Bangalore,Sri Vinayaka A/C Digital 2K Cinemas: Varthur,138.3333333,531,1,Single Screen,,12.93572,77.74443,213,138.3333333,1,138.3333333,"BookMyShow, Internet Research",http://www.ticketnew.com/onlinetheatre/Theatre/SelectSeats.aspx?EventID=NTE1Nw%3d%3d-v4f3LA3XrBs%3d&ReqSeats=MTA%3d-zISu%2bSIzx8g%3d&LevelID=NDA%3d-NnxOFOSoXLs%3d&ReqDate=MjAxNy0xMC0xOQ%3d%3d-d%2blLRzLAiPA%3d&VenueID=MzI0-85r%2bhTYA2kg%3d&SiteInfo=MA%3d%3d-110A7HeCwRM%3d&MovieURL=aHR0cDovL3d3dy50aWNrZXRuZXcuY29tL1NyaS1WaW5heWFrYS1DaW5lbWFzLUEtQy1kdHMtMkstVmFydGh1ci1CYW5nYWxvcmUtQm9vay1NeS1Nb3ZpZS1TaG93LVRpY2tldHMvT25saW5lLVRpY2tldC1Cb29raW5nLzMyNC8yMDE3MTAxOQ%3d%3d-wktvo3zCDCk%3d
Bangalore,Sri Vinayaka Digital 2K Cinema (D.J.Halli),109,850,1,Single Screen,,13.0144,77.60564,252,109,1,109,"BookMyShow, MediaAnt",
Bangalore,"Srinivasa Chitra Mandira, Kadugodi",,625,1,Single Screen,,12.9885232,77.7660591,,,,,MediaAnt,
Bangalore,Srinivasa Digital 4K Cinema: S.G. Palya,132.5,800,1,Single Screen,,12.93188,77.60772,354,132.5,1,132.5,"BookMyShow, MediaAnt",
Bangalore,"Sujatha Talkies, Deepanjalinagar",,450,1,Single Screen,,12.9618776,77.5473551,,,,,MediaAnt,
Bangalore,"Super Talkies, Chickpet",,619,1,Single Screen,,12.9678583,77.5699123,,,,,MediaAnt,
Bangalore,"The Cinema GT World: Magadi Rd, Bengaluru",195.8333333,1155,5,Multiplex,,12.97345,77.55171,1155,203.5,5,198.9,BookMyShow,https://www.thequint.com/entertainment/chennais-sathyam-opens-the-cinema-for-bengalurus-cine-goers
Bangalore,Thirumala Digital 2K Cinema: Agara,108.5,904,1,Single Screen,,12.91991,77.64969,164,108.5,1,108.5,"BookMyShow, MediaAnt",
Bangalore,Triveni Theatre: Gandhinagar,109,800,1,Single Screen,,12.97628,77.57538,241,109,1,109,"BookMyShow, MediaAnt",
Bangalore,"Tulsi Chitra Mandira, Marathalli",,800,1,Single Screen,,12.956319,77.6981967,,,,,MediaAnt,
Bangalore,"Uma Theatre, Chamrajpet",,984,1,Single Screen,,12.9554065,77.567022,,,,,MediaAnt,
Bangalore,Urvashi Digital 4K Cinema: Lalbagh Road,237.5,1100,1,Single Screen,,12.95607,77.58541,1100,200,1,237.5,BookMyShow,
Bangalore,Vaibhav Digital 4K Cinema: Sanjaynagar,142.3333333,935,1,Single Screen,,13.03558,77.57463,213,134,1,142,"BookMyShow, Internet Research",http://davp.nic.in/ri.pdf
Bangalore,Vaibhavi A/C Theatre: Uttarahalli,105,715,1,Single Screen,,12.90348,77.54415,264,90,1,102,"BookMyShow, MediaAnt",
Bangalore,Vainidhi Digital 2K Cinemas (Chandan): Singapura,110,725,1,Single Screen,,13.07427,77.5405,202,110,1,110,"BookMyShow, MediaAnt",
Bangalore,Vaishnavi A/C Theatre: Uttarahalli,120,800,1,Single Screen,,12.90348,77.54415,408,120,1,120,"BookMyShow, MediaAnt",
Bangalore,Veerabhadreshwara Theatre: Kamala Nagar,97.5,898,1,Single Screen,,12.9931,77.52909,162,90,1,93,BookMyShow,
Bangalore,Veeresh Cinemas Screen 1: Magadi Rd,80,178,1,Single Screen,,12.97707,77.54595,178,80,1,80,BookMyShow,Media Ant number check again.
Bangalore,Veeresh Cinemas Screen 2: Magadi Rd,100,214,1,Single Screen,,12.97707,77.54595,214,90,1,94,BookMyShow,
Bangalore,Venkateshwara A/c Digital 2K Cinema: K.R.Puram,104,877,1,Single Screen,,13.00525,77.69667,254,104,1,104,BookMyShow,http://davp.nic.in/ri.pdf
Bangalore,"Venkateshwara Cinemas: Gollarahatti,Magadi Rd",90,300,1,Single Screen,,12.98848,77.47392,300,90,1,90,BookMyShow,Could Not Confirm
Bangalore,Venkateshwara Digital 2K Cinema: Avalahalli Girina,100,363,1,Single Screen,,12.94351,77.54797,363,100,1,100,BookMyShow,Could Not Confirm
Bangalore,Vijay Theatre: Byatarayanapura,118,912,1,Single Screen,,12.94846,77.53969,94,118,1,118,"BookMyShow, MediaAnt",
Bangalore,Vijayalakshmi Digital 2K Cinema: Garudacharpalya,100,671,1,Single Screen,,12.99348,77.70187,136,100,1,100,"BookMyShow, MediaAnt",
Bangalore,"Vinayaka Chitra Mandira, Marathahalli",,723,1,Single Screen,,12.9557258,77.6995081,,,,,MediaAnt,
Bangalore,"Vinayaka Theatre, Chamrajpet",,1004,1,Single Screen,,12.9632205,77.5663841,,,,,MediaAnt,
Bangalore,Vinayaka Theatre: Harinagar,80,850,1,Single Screen,,12.87488,77.57015,120,80,1,80,"BookMyShow, MediaAnt",
Bangalore,Vishal A/C Theatre: Kamakshipalya,80,875,1,Single Screen,,12.98318,77.53018,388,80,1,80,"BookMyShow, MediaAnt",
Bangalore,"Vullas Theatre, Yeshwantpura",,961,1,Single Screen,,13.019888,77.551474,,,,,MediaAnt,
Chennai,Abirami Cinemas: Chennai,113.5833333,1656,4,Multiplex,,13.086,80.24809,1656,113.5833333,4,113.5833333,BookMyShow,
Chennai,"Agasthiya, T.H Road",,1004,1,Single Screen,,13.1239102,80.2878637,,,,,MediaAnt,
Chennai,AGS Cinemas: T. Nagar,82.7,884,4,Multiplex,AGS Cinemas,13.04745,80.24485,884,82.7,4,82.7,BookMyShow,
Chennai,AGS Cinemas: Villivakkam,82.7,1473,5,Multiplex,AGS Cinemas,13.10471,80.209,1473,82.7,5,82.7,BookMyShow,
Chennai,Albert Complex,,1200,1,Single Screen,,13.0761554,80.2638409,,,,,Internet Research,
Chennai,Anna Theatre: Chennai,94.6,364,1,Single Screen,,13.06717,80.27129,324,94.6,1,94.6,"BookMyShow, Internet Research",http://davp.nic.in/ri.pdf
Chennai,"Annai Karumari, Virugambakkam",,196,1,Single Screen,,13.0530785,80.1931011,,,,,MediaAnt,
Chennai,Arvind Theatre A/C dts,,445,1,Single Screen,,12.9153435,80.2297244,,,,,Internet Research,
Chennai,AVM Rajeswari A/C dts,,603,1,Single Screen,,13.0475424,80.2046086,,,,,Internet Research,
Chennai,"Baby Albert Theatre, Whannels Road",,242,1,Single Screen,,13.0761555,80.263841,,,,,MediaAnt,
Chennai,"Bala Theatre, Anna Road",,518,1,Single Screen,,13.0949014,80.1855746,,,,,MediaAnt,
Chennai,Bharath Theatre Dolby AtmosDolby Atmos,,963,1,Single Screen,,13.1102599,80.2797875,,,,,Internet Research,
Chennai,Casino Theatre: Chennai,59,83,1,Single Screen,,13.06868,80.27017,83,59,1,59,BookMyShow,Could Not Confirm
Chennai,"Chandran Theatre, Ashoknagar",,515,1,Single Screen,,13.0347676,80.2104299,,,,,MediaAnt,
Chennai,Devi Karumari A/C,,850,1,Single Screen,,13.0499059,80.1934024,,,,,Internet Research,
Chennai,Devicineplex,,2462,1,Single Screen,,13.0662224,80.2707235,,,,,Internet Research,
Chennai,Ega Cinema,,1168,2,Multiplex,,13.0778725,80.2404635,,,,,Internet Research,
Chennai,Ganapathy Ram Theatre: Chennai,90,852,1,Single Screen,,13.00397,80.25632,769,90,1,90,"BookMyShow, MediaAnt",
Chennai,GK Cinemas 2K Dolby Atmos: Porur,116.19,557,2,Multiplex,,13.03374,80.16108,557,116.19,2,116.19,BookMyShow,
Chennai,INOX National: Arcot Road,153.6,1182,5,Multiplex,Inox,13.04689,80.19036,1182,153.6,5,153.6,BookMyShow,
Chennai,"INOX: Chennai Citi Centre, Dr. RK Salai",153.6,528,4,Multiplex,Inox,13.04295,80.27379,528,153.6,4,153.6,BookMyShow,
Chennai,Jothi Theatre 4K A/c DTS: ST Thomas Mount,0,805,1,Single Screen,,13.00611,80.20134,526,0,1,0,"BookMyShow, Internet Research",http://davp.nic.in/ri.pdf
Chennai,Kamala CinemasF&B;,,586,1,Single Screen,,13.0489837,80.2101709,,,,,Internet Research,
Chennai,Kasi4K Dolby Atmos,,733,1,Single Screen,,13.0294637,80.2084348,,,,,Internet Research,
Chennai,"Krishnaveni, South Usman Raod",,898,1,Single Screen,,13.0346055,80.2307106,,,,,MediaAnt,
Chennai,Kumaran Theatre QUBE A/C DTS: Madipakkam,0,1008,1,Single Screen,,12.97191,80.19214,786,0,1,0,"BookMyShow, Internet Research",http://davp.nic.in/ri.pdf
Chennai,Luxe Cinemas: Chennai,153.6,1844,9,Multiplex,,12.99154,80.21681,1844,153.6,9,153.6,BookMyShow,
Chennai,"Mahalakshmi Talkies, Strahans Road",,1040,1,Single Screen,,13.0975215,80.256593,,,,,MediaAnt,
Chennai,Maharani Theatre 2K dts,,910,1,Single Screen,,13.1175008,80.2842433,,,,,Internet Research,
Chennai,"Mayura, Arakonam Road",,474,1,Single Screen,,13.0997993,80.1698389,,,,,MediaAnt,
Chennai,MM Theatre,,772,1,Single Screen,,13.1260232,80.2896379,,,,,Internet Research,
Chennai,Murugan Cinemas - AmbatturDolby Atmos,,960,1,Single Screen,,13.1135444,80.1572574,,,,,Internet Research,
Chennai,Nadhamuni Cinema,,650,1,Single Screen,,13.1034052,80.2022335,,,,,Internet Research,
Chennai,"Padmam, Poonamallee High Road",,420,1,Single Screen,,13.0690757,80.1889014,,,,,MediaAnt,
Chennai,"Pandian, Moolakadai",,1002,1,Single Screen,,13.1322548,80.2424585,,,,,MediaAnt,
Chennai,"PVR: Ampa, Chennai",82.7,1794,7,Multiplex,PVR,13.07359,80.22138,1290,82.7,4,82.7,"BookMyShow, MediaAnt",
Chennai,"PVR: Velachery, Chennai",82.7,1275,5,Multiplex,PVR,12.97195,80.22036,812,82.7,3,82.7,"BookMyShow, MediaAnt",
Chennai,Raj Theatre - A/C DTS: Chennai,175,950,1,Single Screen,,13.0196,80.22324,780,175,1,175,BookMyShow,http://davp.nic.in/ri.pdf
Chennai,Rakki Cinemas - Ambattur,,361,1,Single Screen,,13.1227657,80.1476317,,,,,Internet Research,
Chennai,Rohini Silver Screens: Chennai,104.03,3175,7,Multiplex,,13.07575,80.19586,1237,104.03,4,107.5042857,BookMyShow,
Chennai,"Roopam, Poonamallee High Road",,288,1,Single Screen,,13.0797983,80.2025852,,,,,MediaAnt,
Chennai,Sangam Cinemas,,1662,3,Multiplex,,13.0794633,80.2492933,,,,,Internet Research,
Chennai,"Saravana Theatre, Brick Kiln Road",,600,1,Single Screen,,13.0928614,80.2515167,,,,,MediaAnt,
Chennai,"Sathyam Royapettah, Lloyds Estate",,2283,6,Multiplex,SPI Cinemas,13.0553683,80.2579668,,,,,MediaAnt,
Chennai,"SK-Marlen Cinemas 2K, Guindy: Alandur",150,229,1,Single Screen,,13.00176,80.20358,229,150,1,150,"BookMyShow, Internet Research",http://www.marlencinemas.com/previewTheater.html
Chennai,"Spectrum Mall, Perambur North",,1395,5,Multiplex,,13.1122465,80.2363247,,,,,MediaAnt,
Chennai,Sri Bhuvaneshwari Theatre A/C dts,,565,1,Single Screen,,13.0916293,80.2583516,,,,,Internet Research,
Chennai,Sri Ganga Cinemas Dolby Atmos - KolathurDolby Atmos,,772,1,Single Screen,,13.1252216,80.2181625,,,,,Internet Research,
Chennai,"Sri Murugan, Ambattur",,960,1,Single Screen,,13.100996,80.164051,,,,,MediaAnt,
Chennai,Srinivasa Theatre,,900,1,Single Screen,,13.0310779,80.2250651,,,,,Internet Research,
Chennai,"The Forum Vijaya Mall, Vadapalani",,3010,9,Multiplex,SPI Cinemas,13.0497383,80.2095368,,,,,MediaAnt,https://www.spicinemas.in/cinemas/palazzo
Chennai,"Thirumurugan, Ambattur",,510,1,Single Screen,,13.1212603,80.1513583,,,,,MediaAnt,
Chennai,Udhayam Complex,,759,1,Single Screen,,12.9596264,80.2433274,,,,,Internet Research,
Chennai,"Udhayam Theatre, Ashoknagar",,759,1,Single Screen,,13.0346888,80.2103968,,,,,MediaAnt,
Chennai,Vetrrivel Theatre 2K - Nanganallur,,600,1,Single Screen,,12.9801087,80.1821216,,,,,Internet Research,
Chennai,Woodlands Complex: Chennai,69.5,1713,2,Multiplex,,13.05656,80.26497,2846,69.5,2,69.5,"BookMyShow, MediaAnt",
Delhi,"7D Mastiii: TDI Mall, Rajouri Garden, Delhi",170,18,1,Single Screen,,28.65083,77.12087,90,170,5,170,BookMyShow,
Delhi,Abhishek Cineplex: Chandni Chowk,96.46666667,260,1,Single Screen,,28.65628,77.2342,260,85,1,96.46666667,BookMyShow,
Delhi,Amba Cinema: Delhi,128,486,1,Single Screen,,28.67724,77.20104,486,128,1,128,BookMyShow,
Delhi,"Batra Cinema, Dr.Mukerjee Nagar",,1000,1,Single Screen,,28.7113494,77.2150536,,,,,MediaAnt,
Delhi,Batra Reels Cinemas: New Friends Colony,287.5,1500,1,Single Screen,,28.56153,77.26865,326,223.3333333,1,283.3333333,"BookMyShow, MediaAnt",
Delhi,Carnival: Odeon Complex,493.0555556,592,2,Multiplex,Carnival,28.63429,77.22107,592,450,2,491.6666667,BookMyShow,
Delhi,"Cinepolis: Cross River Mall, Mall, Shahdara",249.375,1191,4,Multiplex,Cinepolis,28.65681,77.30189,1321,202,5,253.2758621,BookMyShow,
Delhi,"Cinepolis: Unity One Mall Rohini, Delhi",350.1319444,659,4,Multiplex,Cinepolis,28.71513,77.11631,640,296.25,4,351.5517241,"BookMyShow, MediaAnt",
Delhi,"Cinepolis: V3S Mall, Laxmi Nagar",236.7857143,836,3,Multiplex,,28.63711,77.28606,833,215,3,238.3333333,"BookMyShow, MediaAnt",
Delhi,Delite Cinema: Asaf Ali Road,93.75,110,2,Multiplex,,28.64122,77.23587,1960,93.75,2,107.25,BookMyShow,
Delhi,"DT Cinemas: DLF Place, Saket",286.0795455,953,6,Multiplex,DT Cinemas,28.5274,77.21713,952,175,6,281.5789474,BookMyShow,
Delhi,DT Cinemas: Savitri Complex GK2,238.8888889,300,1,Single Screen,DT Cinemas,28.54135,77.24011,300,150,1,233.3333333,BookMyShow,
Delhi,"Fun Cinemas: North Square Mall, Pitampura",227.5,800,3,Multiplex,Fun Cinemas,28.69151,77.14843,800,190,3,224.7727273,BookMyShow,https://www.delhiinformation.in/entertainment/cinemas-multiplexes/fun-cinema-pitampura.html
Delhi,"Fun Cinemas: TDI Mall, Moti Nagar",198.1111111,643,3,Multiplex,Fun Cinemas,28.65668,77.13945,627,185,3,198.75,BookMyShow,https://www.delhiinformation.in/entertainment/cinemas-multiplexes/fun-cinemas-tdi-fun-republic-moti-nagar.html
Delhi,G3S Cinema: Rohini,228.5714286,809,3,Multiplex,,28.73469,77.11376,802,170,3,223.3333333,BookMyShow,http://www.excellentpublicity.com/cinema/chain/g3s.html
Delhi,Gagan Cinema: Delhi,62.5,982,1,Single Screen,,28.69635,77.31493,258,62.5,1,62.5,"BookMyShow, MediaAnt",
Delhi,"Hans Cinema, G.T Karnal Road",,900,1,Single Screen,,28.7031355,77.1824101,,,,,MediaAnt,
Delhi,INOX Eros One: Jangpura Extn,465.4166667,317,1,Single Screen,Inox,28.58122,77.24199,317,305,1,450.8333333,BookMyShow,
Delhi,Liberty Cinema: Karol Bagh,110,959,1,Single Screen,,28.65941,77.18973,959,110,1,110,BookMyShow,
Delhi,M Cinemas: East of Kailash (Gold Class),493.75,780,2,Multiplex,,28.55923,77.24623,780,325,2,500,BookMyShow,
Delhi,M2K: Pitampura,230.8571429,807,3,Multiplex,M2K Cinemas,28.68925,77.13326,934,207.375,4,242.8666667,"BookMyShow, MediaAnt",
Delhi,M2K: Rohini,221.3333333,588,2,Multiplex,M2K Cinemas,28.70094,77.1166,816,190.6666667,3,218.974359,"BookMyShow, MediaAnt",
Delhi,"Milan Cineplex, Karampura",,1000,1,Single Screen,,28.6626009,77.1462858,,,,,MediaAnt,
Delhi,Miraj Cinemas: Subhash Nagar,231.8333333,470,2,Multiplex,Miraj Cinema,28.63874,77.1069,470,180,2,231.5384615,BookMyShow,
Delhi,"Moti Cinema, Chandni Chowk",,699,1,Single Screen,,28.656595,77.235293,,,,,MediaAnt,
Delhi,Movietime: Pitampura,168.3928571,788,3,Multiplex,Movietime,28.70582,77.14283,798,112.5,3,167.7631579,"BookMyShow, Internet Research",http://www.excellentpublicity.com/cinema
Delhi,Movietime: Raja Garden,200.9621212,1226,6,Multiplex,Movietime,28.65266,77.12335,1512,164.5833333,6,208.1818182,"BookMyShow, Internet Research",http://www.excellentpublicity.com/cinema
Delhi,PVR Promenade: Vasant Kunj,431.7234848,1139,7,Multiplex,PVR,28.54262,77.15575,1304,382.5,7,429.6794872,"BookMyShow, Internet Research",https://www.delhiinformation.in/entertainment/cinemas-multiplexes/dt-star-cinemas-vasant-kunj.html
Delhi,"PVR: 3CS, Delhi",247.7777778,315,1,Single Screen,PVR,28.56778,77.24099,315,150,1,238,BookMyShow,
Delhi,"PVR: Anupam, Delhi",170.6018519,1000,4,Multiplex,PVR,28.52374,77.20716,761,100,4,174.137931,"BookMyShow, Internet Research",http://www.excellentpublicity.com/cinema
Delhi,"PVR: Director's Cut, Ambience Delhi",1458.333333,282,4,Multiplex,PVR,28.5408,77.15479,261,600,4,1412.5,"BookMyShow, MediaAnt",
Delhi,"PVR: Naraina, Delhi",221.6666667,830,4,Multiplex,PVR,28.63308,77.13889,625,158,5,222.8571429,"BookMyShow, MediaAnt",
Delhi,"PVR: Pacific, Delhi",446.3415179,1116,6,Multiplex,PVR,28.64269,77.10595,1228,349.375,6,459.9444444,"BookMyShow, Internet Research",https://www.barco.com/en/News/Press-releases/PVR-Cinemas-first-to-adopt-Barcos-immersive-sound-technology-in-New-Delhi.aspx
Delhi,"PVR: Plaza-CP, Delhi",366.6666667,300,1,Single Screen,PVR,28.63515,77.21966,300,200,1,350,BookMyShow,
Delhi,"PVR: Prashant Vihar, Delhi",283.3134921,426,4,Multiplex,PVR,28.71251,77.13594,852,166.25,4,285.1893939,BookMyShow,
Delhi,"PVR: Priya, Delhi",266.25,944,1,Single Screen,PVR,28.55732,77.16449,944,255,1,267,BookMyShow,
Delhi,"PVR: Rivoli, Delhi",320.8333333,329,1,Single Screen,PVR,28.63101,77.21636,329,183.3333333,1,330,BookMyShow,
Delhi,"PVR: Sangam, Delhi",312.2321429,392,2,Multiplex,PVR,28.57239,77.1735,392,312.5,2,315.4166667,BookMyShow,
Delhi,"PVR: Select City Walk (Gold), Delhi",943.75,40,1,Single Screen,PVR,28.52857,77.21973,80,500,2,923.0769231,BookMyShow,
Delhi,"PVR: Select City Walk, Delhi",523.1349206,677,5,Multiplex,PVR,28.52857,77.21973,1005,250,5,544.4444444,BookMyShow,
Delhi,PVR: Shalimar Bagh,311.0714286,1142,4,Multiplex,PVR,28.70282,77.15833,985,285,4,310,"BookMyShow, MediaAnt",
Delhi,"PVR: Vikaspuri, Delhi",202.2619048,921,3,Multiplex,PVR,28.63902,77.07448,832,118.75,4,199.1666667,"BookMyShow, MediaAnt",https://www.delhiinformation.in/entertainment/cinemas-multiplexes/pvr-vikaspuri.html
Delhi,Q Cinemas: Shahdara,185.4166667,601,3,Multiplex,Q Cinemas,28.67512,77.28808,601,145,3,186.1764706,BookMyShow,
Delhi,"Ritz Cinema: Kashmere Gate, Delhi",113.3333333,576,1,Single Screen,,28.66669,77.22984,160,113.3333333,1,113.3333333,"BookMyShow, MediaAnt",http://www.hindustantimes.com/delhi-news/ritz-cinema-reopens-with-modern-tech-to-claim-lost-glory/story-mOPgUEGm01E9y82kLlTT0N.html
Delhi,Satyam Janak Place-NCR,,1262,4,Multiplex,Satyam,28.629686,77.081896,,,,,Internet Research,
Delhi,Satyam Nehru Place-NCR,,994,4,Multiplex,Satyam,28.550044,77.251155,,,,,Internet Research,
Delhi,Satyam Patel Nagar-NCR,,1207,4,Multiplex,Satyam,28.6504,77.1576999,,,,,Internet Research,
Delhi,Shiela Cinema: Delhi,133.3333333,980,1,Single Screen,,28.64457,77.21691,288,133.3333333,1,133.3333333,BookMyShow,"Even though this article says it shut down, BMS is selling tickets for a movie right now : http://www.hindustantimes.com/delhi-news/central-delhi-s-iconic-single-screen-theatre-shiela-cinema-shuts-shop-after-56-years/story-64dCvo1kKC6IXTzTAoJ0QL.html"
Delhi,Suraj Cinema - Najafgarh-NCR,,519,1,Single Screen,,28.6111587,76.9764621,,,,,Internet Research,
Delhi,"Vishal Cinema, Janta Market",,1401,1,Single Screen,,28.6555642,77.118129,,,,,MediaAnt,
Delhi,Wave: Raja Garden,269.1666667,777,4,Multiplex,,28.65193,77.1208,777,165,4,265.9615385,BookMyShow,
Hyderabad,Alankar (Pratap Theatre): Langer House,100,774,1,Single Screen,,17.37651,78.4196,243,100,1,100,"BookMyShow, Internet Research",http://davp.nic.in/ufo.pdf
Hyderabad,Amba Theatre: Mehdipatnam,100,64,1,Single Screen,,17.39167,78.44133,64,100,1,100,BookMyShow,Could Not Confirm
Hyderabad,Anjali Theatre: Secunderabad,70,690,1,Single Screen,,17.43751,78.49338,85,70,1,70,"BookMyShow, MediaAnt",
Hyderabad,Aradhna Theatre-Tarnaka,,806,1,Single Screen,,17.4248734,78.5333863,,,,,Internet Research,
Hyderabad,Arjun 70MM: Kukatpally,100,786,1,Single Screen,,17.49677,78.39703,269,100,1,100,"BookMyShow, MediaAnt",
Hyderabad,Asian CineSquare Multiplex: Uppal,125,1512,5,Multiplex,Asian,17.40215,78.57207,1512,125,5,125,BookMyShow,http://asiancinemas.in/locations.html
Hyderabad,Asian Ganga: Dilsukhnagar,85,707,1,Single Screen,Asian,17.36117,78.5231,707,85,1,85,BookMyShow,http://asiancinemas.in/locations.html
Hyderabad,Asian GPR Multiplex: Kukatpally,162.5,1143,3,Multiplex,Asian,17.49923,78.39067,1143,162.5,3,162.5,BookMyShow,http://asiancinemas.in/locations.html
Hyderabad,Asian Jyothi: RC Puram,90,520,1,Single Screen,Asian,17.50277,78.31221,520,90,1,90,BookMyShow,http://asiancinemas.in/locations.html
Hyderabad,Asian Lakshmikala Cinepride: Moosapet,88.81481481,2403,4,Multiplex,Asian,17.46753,78.42831,2403,86.66666667,4,86.66666667,BookMyShow,http://asiancinemas.in/locations.html
Hyderabad,Asian M Cube Mall: Attapur,140,1014,4,Multiplex,Asian,17.37169,78.43027,1370,140,4,140,BookMyShow,
Hyderabad,Asian Radhika Multiplex: ECIL,130,894,3,Multiplex,Asian,17.47656,78.56309,894,130,3,130,BookMyShow,
Hyderabad,Asian Sha: Chintal,85,716,1,Single Screen,Asian,17.4922,78.45173,716,85,1,85,BookMyShow,
Hyderabad,Asian Shahensha: Chintal,85,380,1,Single Screen,Asian,17.4922,78.45173,380,85,1,85,BookMyShow,
Hyderabad,Asian Shiva: Dilsukhnagar,85,554,1,Single Screen,Asian,17.36117,78.5231,554,85,1,85,BookMyShow,
Hyderabad,Asian Swapna 35mm: Katedan,90,272,1,Single Screen,Asian,17.31143,78.43869,175,90,1,90,"BookMyShow, MediaAnt",
Hyderabad,Asian Swapna 70mm: Katedan,75,512,1,Single Screen,Asian,17.31143,78.43869,512,75,1,75,BookMyShow,
Hyderabad,"ASR Cinemas, Madhuban Colony",,609,1,Single Screen,,17.3083079,78.4319946,,,,,MediaAnt,
Hyderabad,Bhujanga 70MM: Jeedimetla,65,1311,1,Single Screen,,17.5122,78.44861,199,65,1,65,"BookMyShow, MediaAnt",
Hyderabad,BR Hitech 70mm: Madhapur,80,528,1,Single Screen,,17.44442,78.38823,200,80,1,80,"BookMyShow, Internet Research",http://davp.nic.in/ri.pdf
Hyderabad,"Brahmarambha 70 Mm, Hyder nagar",,861,1,Single Screen,,17.5000891,78.386969,,,,,MediaAnt,
Hyderabad,BVK Multiplex Vijayalakshmi: LB Nagar,105.5555556,1211,3,Multiplex,,17.34365,78.55422,1211,111.1111111,3,111.1111111,BookMyShow,
Hyderabad,Carnival: Ameerpet,150,1361,4,Multiplex,Carnival,17.43026,78.44846,1361,150,4,150,BookMyShow,
Hyderabad,Cine Town: Miyapur,90,1263,3,Multiplex,,17.49534,78.35329,1659,90,3,90,BookMyShow,
Hyderabad,"Cinepolis: CCPL Mall, Hyderabad",150,703,5,Multiplex,Cinepolis,17.45718,78.53681,703,150,5,150,BookMyShow,
Hyderabad,"Cinepolis: Manjeera Mall, Kukatpally",200,1405,5,Multiplex,Cinepolis,17.48978,78.39322,1405,200,5,200,BookMyShow,
Hyderabad,"Cinepolis: Mantra Mall, Attapur",200,1094,5,Multiplex,Cinepolis,17.35388,78.4206,1094,200,5,200,BookMyShow,
Hyderabad,Devi 70mm 4K & Dolby Atmos: RTC X Roads,118,1200,1,Single Screen,,17.40627,78.49504,239,118,1,118,"BookMyShow, Internet Research",http://davp.nic.in/ri.pdf
Hyderabad,Galaxy Cinema: Toli Chowki,70,704,1,Single Screen,,17.40324,78.41086,186,70,1,70,"BookMyShow, Internet Research",http://yellowpages.fullhyderabad.com/galaxy-70mm-toli-chowki/toli-chowki/telephone-email-address-reviews/cinema-theatres-145-1.html
Hyderabad,"Ganga Theatre, Chaithanyapuri Colony",,786,1,Single Screen,,17.3719842,78.535892,,,,,MediaAnt,
Hyderabad,Glory Cinema: Mallepally,,486,1,Single Screen,,17.39404,78.45831,,,,,BookMyShow,http://davp.nic.in/ufo.pdf
Hyderabad,Gokul 70MM: Erragadda,90,1224,1,Single Screen,,17.45358,78.43435,776,90,1,90,"BookMyShow, MediaAnt",
Hyderabad,Indra: Karmanghat,80,112,1,Single Screen,,17.34507,78.53179,112,80,1,80,BookMyShow,Could Not Confirm
Hyderabad,"INOX: GVK One, Banjara Hills",200,1257,6,Multiplex,Inox,17.4195,78.44861,1113,200,6,200,"BookMyShow, MediaAnt",
Hyderabad,"INOX: Maheshwari Parmeshwari Mall, Kachiguda",150,1021,5,Multiplex,Inox,17.39052,78.48862,866,150,4,150,BookMyShow,
Hyderabad,Kalyani Movie Max: Bowenpally,70,84,1,Single Screen,,17.47373,78.47971,84,70,1,70,BookMyShow,
Hyderabad,Konark: Dilsukhnagar,80,1026,1,Single Screen,,17.3686,78.51865,390,80,1,80,"BookMyShow, MediaAnt",
Hyderabad,Kumar Theatre: Kachiguda,90,74,1,Single Screen,,17.38886,78.49632,74,90,1,90,BookMyShow,
Hyderabad,Lakshmi Kala Mandir: Alwal,70,277,1,Single Screen,,17.49476,78.51121,277,70,1,70,BookMyShow,
Hyderabad,"Mallikarjuna 70 Mm, Hyder nagar",,861,1,Single Screen,,17.5000892,78.38697,,,,,MediaAnt,
Hyderabad,"Manikanta, Reddy Colony",,394,1,Single Screen,,17.337529,78.549634,,,,,MediaAnt,
Hyderabad,Manju Cinema: Kalasiguda,70,289,1,Single Screen,,17.44048,78.4936,289,70,1,70,BookMyShow,
Hyderabad,Megha Theatre: Dilsukhnagar,90,795,1,Single Screen,,17.36796,78.52666,795,90,1,90,BookMyShow,
Hyderabad,Metro Cinema: Bahadurpura,70,100,1,Single Screen,,17.35587,78.45374,100,70,1,70,BookMyShow,
Hyderabad,"Miraj Cinemas: Shalini Shivani, Hyderabad",158.8541667,1286,4,Multiplex,Miraj Cinema,17.36764,78.5362,1286,162.5,4,162.5,BookMyShow,
Hyderabad,Mukta A2 Cinemas: Abids,90,637,1,Single Screen,Mukta A2,17.38586,78.47723,637,90,1,90,BookMyShow,
Hyderabad,"Nagendra 70 Mm, Main Road",,711,1,Single Screen,,17.3561,78.5333,,,,,MediaAnt,
Hyderabad,Nagendra: Karmanghat,80,711,1,Single Screen,,17.34507,78.53179,120,80,1,80,"BookMyShow, MediaAnt",
Hyderabad,Nartaki Theatre: Alwal,70,854,1,Single Screen,,17.49423,78.5133,723,70,1,70,"BookMyShow, MediaAnt",
Hyderabad,Padmavati Cinema: Kachiguda,60,490,1,Single Screen,,17.39063,78.4916,392,60,1,60,"BookMyShow, MediaAnt",
Hyderabad,Prasads: Hyderabad,150,2230,6,Multiplex,,17.33215,78.47,1508,150,4,150,"BookMyShow, MediaAnt",
Hyderabad,Prashant Cinema: Secunderabad,80,1048,1,Single Screen,,17.43958,78.49856,88,80,1,80,"BookMyShow, MediaAnt",
Hyderabad,"Pratap Theatre, Gandhi Bhawan",,774,1,Single Screen,,17.3882628,78.4707395,,,,,MediaAnt,
Hyderabad,Priya Theatre: Malleypally,80,750,1,Single Screen,,17.39049,78.4549,48,80,1,80,"BookMyShow, MediaAnt",
Hyderabad,"PVR Forum Sujana Mall: Kukatpally, Hyderabad",200,2140,9,Multiplex,PVR,17.48452,78.38904,2158,200,9,200,BookMyShow,
Hyderabad,"PVR: Inorbit, Cyberabad",150,800,5,Multiplex,PVR,17.43505,78.38674,947,150,6,150,BookMyShow,
Hyderabad,"PVR: Panjagutta, Hyderabad",150,1322,5,Multiplex,PVR,17.42675,78.45295,1322,150,5,150,BookMyShow,
Hyderabad,"PVR: RK Cineplex, Hyderabad",200,1034,3,Multiplex,PVR,17.42332,78.42792,1232,200,3,200,"BookMyShow, Internet Research",https://www.sbdbforums.com/post/hyderabad-theatres-screen-capacities-and-prices-8389945?trail=
Hyderabad,Raghavendra 35mm: Malkajgiri,70,580,1,Single Screen,,17.4513,78.53616,45,70,1,70,"BookMyShow, MediaAnt",
Hyderabad,Raghavendra 70mm: Malkajgiri,70,691,1,Single Screen,,17.4513,78.53616,78,70,1,70,"BookMyShow, MediaAnt",
Hyderabad,Raghavendra Mini: Malkajgiri,70,385,1,Single Screen,,17.4513,78.53616,43,70,1,70,"BookMyShow, MediaAnt",
Hyderabad,Rajdhani 70mm: Dilsukhnagar,80,1050,1,Single Screen,,17.36855,78.52989,137,80,1,80,"BookMyShow, MediaAnt",
Hyderabad,Rajdhani Deluxe Theatre: Dilsukhnagar,90,628,1,Single Screen,,17.36897,78.52737,44,90,1,90,"BookMyShow, MediaAnt",
Hyderabad,Rajyalakshmi 70mm: Uppal,55,662,1,Single Screen,,17.39664,78.5603,662,55,1,55,BookMyShow,
Hyderabad,Ramakrishna 70MM - Indra Cinemas: Abids,87.5,724,1,Single Screen,,17.38591,78.47678,724,90,1,87.5,BookMyShow,
Hyderabad,Ranga Theatre: Jeedimetla,80,1329,1,Single Screen,,17.51207,78.44833,80,80,1,80,"BookMyShow, MediaAnt",
Hyderabad,Rukmini Cinema: Patancheru,70,956,1,Single Screen,,17.53212,78.26473,136,70,1,70,"BookMyShow, Internet Research",
Hyderabad,Sai Ranga: Miyapur,76.66666667,1179,1,Single Screen,,17.49551,78.35974,999,76.66666667,1,76.66666667,"BookMyShow, MediaAnt",
Hyderabad,Sampoorna 70mm: Vanasthalipuram,85,865,1,Single Screen,,17.33121,78.57603,114,85,1,85,"BookMyShow, MediaAnt",
Hyderabad,Sandhya 35mm: RTC X Roads,100,1055,1,Single Screen,,17.40691,78.49726,332,100,1,100,"BookMyShow, MediaAnt",
Hyderabad,Sandhya 70mm: RTC X Roads,100,1323,1,Single Screen,,17.40691,78.49726,945,100,1,100,"BookMyShow, MediaAnt",
Hyderabad,Santosh Cinemas: Abids,90,812,1,Single Screen,,17.39103,78.47569,546,90,1,90,"BookMyShow, Internet Research",https://www.sbdbforums.com/post/hyderabad-theatres-screen-capacities-and-prices-8389945?trail=
Hyderabad,Sapna Cinemas: Abids,80,552,1,Single Screen,,17.39103,78.47569,243,80,1,80,"BookMyShow, Internet Research",https://www.sbdbforums.com/post/hyderabad-theatres-screen-capacities-and-prices-8389945?trail=
Hyderabad,"Sapthagiri 70Mm, Ashoknagar",,1150,1,Single Screen,,17.40743,78.496222,,,,,MediaAnt,
Hyderabad,Sapthagiri Theatre: RTC X Roads,90,1150,1,Single Screen,,17.40803,78.4968,172,90,1,90,"BookMyShow, Internet Research",
Hyderabad,Satyam Theatre: Ameerpet,60,1243,1,Single Screen,,17.43715,78.44877,576,60,1,60,"BookMyShow, Internet Research",
Hyderabad,Select Talkies: Bolaram,60,566,1,Single Screen,,17.51147,78.51067,101,60,1,60,"BookMyShow, MediaAnt",
Hyderabad,Sensation Insomnia: Khairatabad,80,555,1,Single Screen,,17.40693,78.46363,306,80,1,80,"BookMyShow, MediaAnt",
Hyderabad,Sensation Sunshine: Khairatabad,80,850,1,Single Screen,,17.40714,78.46361,514,80,1,80,"BookMyShow, MediaAnt",
Hyderabad,Shama Cinema: Hyderabad,46.66666667,712,1,Single Screen,,17.34158,78.46565,569,46.66666667,1,46.66666667,"BookMyShow, MediaAnt",
Hyderabad,Shanti Theatre: Narayanaguda,86.66666667,1035,1,Single Screen,,17.39622,78.48986,440,86.66666667,1,86.66666667,"BookMyShow, MediaAnt",
Hyderabad,Sharada 70mm: Kapra,70,861,1,Single Screen,,17.48324,78.55533,104,70,1,70,"BookMyShow, MediaAnt",
Hyderabad,"Sheeshmahal Cinema, Begumpet",,459,1,Single Screen,,17.43461,78.448894,,,,,MediaAnt,
Hyderabad,Shiva Parvathi Cinema: Kukatpally,100,1116,1,Single Screen,,17.4966,78.39707,100,100,1,100,"BookMyShow, MediaAnt",
Hyderabad,"Shiva Theatre, Chaithanyapuri Colony",,974,1,Single Screen,,17.3610291,78.5229013,,,,,MediaAnt,
Hyderabad,Sree Rama Theatre: Bahadurpura,80,796,1,Single Screen,,17.35449,78.4573,184,80,1,80,"BookMyShow, MediaAnt",
Hyderabad,Sree Ramana 70MM: Amberpet,100,1111,1,Single Screen,,17.39247,78.51578,333,100,1,100,"BookMyShow, MediaAnt",
Hyderabad,Sree Ramulu 70mm: Moosapet,70,849,1,Single Screen,,17.46784,78.42939,196,70,1,70,"BookMyShow, MediaAnt",
Hyderabad,Sree Sai Puja: Suraram,100,864,1,Single Screen,,17.54458,78.43474,202,100,1,100,"BookMyShow, MediaAnt",
Hyderabad,Sree Sai Raja Theatre: Musheerabad,70,777,1,Single Screen,,17.41634,78.49944,100,70,1,70,"BookMyShow, MediaAnt",
Hyderabad,Sri Krishna 70MM: Uppal,70,939,1,Single Screen,,17.40084,78.56788,70,70,1,70,"BookMyShow, MediaAnt",
Hyderabad,"Sri Lakshmi Deluxe, Main Road",,629,1,Single Screen,,17.494647,78.3977,,,,,MediaAnt,
Hyderabad,Sri Lakshmi Deluxe: Karmanghat,80,629,1,Single Screen,,17.34575,78.53156,134,80,1,80,"BookMyShow, MediaAnt",
Hyderabad,Sri Mayuri Theatre: RTC X Roads,86.66666667,941,1,Single Screen,,17.40747,78.49604,753,86.66666667,1,86.66666667,"BookMyShow, MediaAnt",
Hyderabad,"Sri Sai Ram Theatre, MainRoad",,600,1,Single Screen,,17.368235,78.526694,,,,,MediaAnt,
Hyderabad,Sri Sai Ram Theatre: Malkajgiri,55,700,1,Single Screen,,17.44632,78.5354,586,55,1,55,"BookMyShow, MediaAnt",
Hyderabad,Sridevi Cinema: Chilakalguda,80,903,1,Single Screen,,17.43143,78.51297,62,80,1,80,"BookMyShow, MediaAnt",
Hyderabad,Srilatha and Sridevi Complex: Chanda Nagar,55,2009,2,Multiplex,,17.49805,78.3171,1258,55,2,55,"BookMyShow, Internet Research",http://davp.nic.in/ufo.pdf
Hyderabad,"Srinivas Theatre, Allapur",,461,1,Single Screen,,17.4345092,78.4467967,,,,,MediaAnt,
Hyderabad,Srinivasa Talkies: Uppal,60,809,1,Single Screen,,17.40106,78.56853,646,60,1,60,"BookMyShow, MediaAnt",
Hyderabad,SSV Cine Park: Patancheru,,0,0,Multiplex,,17.53196,78.27094,,,,,BookMyShow,
Hyderabad,Sudarshan 35mm 4k & Dolby Atmos: RTC X Roads,118,1216,1,Single Screen,,17.40646,78.49503,189,118,1,118,"BookMyShow, MediaAnt",
Hyderabad,"Suresh, Sitaphalmandi",,956,1,Single Screen,,17.4269211,78.5161231,,,,,MediaAnt,
Hyderabad,Sushma Cinema: Vanasthalipuram,100,1022,1,Single Screen,,17.3358,78.57353,84,100,1,100,"BookMyShow, MediaAnt",
Hyderabad,SVC Cinemas Eeshwar: Attapur,100,645,1,Single Screen,,17.36645,78.42768,78,100,1,100,"BookMyShow, Internet Research",https://www.sbdbforums.com/post/hyderabad-theatres-screen-capacities-and-prices-8389945?trail=
Hyderabad,SVC Mahalakshmi Screen 1: Kothapet,100,659,1,Single Screen,,17.36944,78.53973,174,100,1,100,"BookMyShow, Internet Research",https://www.sbdbforums.com/post/hyderabad-theatres-screen-capacities-and-prices-8389945?trail=
Hyderabad,SVC Mahalakshmi Screen 2: Kothapet,100,319,1,Single Screen,,17.36944,78.53973,129,100,1,100,"BookMyShow, Internet Research",https://www.sbdbforums.com/post/hyderabad-theatres-screen-capacities-and-prices-8389945?trail=
Hyderabad,SVC Sangeetha Theatre: RC Puram,100,590,1,Single Screen,,17.51352,78.2866,72,100,1,100,"BookMyShow, Internet Research",https://www.sbdbforums.com/post/hyderabad-theatres-screen-capacities-and-prices-8389945?trail=
Hyderabad,SVR's Siva Sakthi Theatre: Kapra,70,313,1,Single Screen,,17.47652,78.56276,90,70,1,70,"BookMyShow, Internet Research",https://www.sbdbforums.com/post/hyderabad-theatres-screen-capacities-and-prices-8389945?trail=
Hyderabad,Talluri Theatres: Kushaiguda,69.5,1148,3,Multiplex,,17.47771,78.57246,1415,69.5,3,69.5,"BookMyShow, Internet Research",https://www.sbdbforums.com/post/hyderabad-theatres-screen-capacities-and-prices-8389945?trail=
Hyderabad,Tarakarama Cineplex: Kachiguda,90,980,1,Single Screen,,17.39065,78.48796,785,90,1,90,"BookMyShow, MediaAnt",
Hyderabad,Tivoli Cinema: Extreme,118,912,1,Single Screen,,17.44724,78.49246,759,118,1,118,"BookMyShow, MediaAnt",
Hyderabad,Tivoli Cinema: Hyderabad,118,453,3,Multiplex,,17.44833,78.49304,850,118,3,118,BookMyShow,
Hyderabad,"Usha Mayuri, Ashoknagar",,749,1,Single Screen,,17.405727,78.488421,,,,,MediaAnt,
Hyderabad,Venkatadri Cinema 70MM: Dilsukhnagar,90,1263,1,Single Screen,,17.36799,78.52345,362,90,1,90,"BookMyShow, MediaAnt",
Hyderabad,Venkataramana Cinema: Kachiguda,60,697,1,Single Screen,,17.39069,78.49141,539,60,1,60,"BookMyShow, Internet Research",https://www.sbdbforums.com/post/hyderabad-theatres-screen-capacities-and-prices-8389945?trail=
Hyderabad,Vijetha 70MM: Borabanda,80,786,1,Single Screen,,17.45421,78.41913,105,80,1,80,"BookMyShow, MediaAnt",
Hyderabad,Vimal 70mm: Balanagar,80,1010,1,Single Screen,,17.46361,78.45124,108,80,1,80,"BookMyShow, MediaAnt",
Hyderabad,Vishnu Cinemas A/C DTS: Vanasthalipuram,85,935,1,Single Screen,,17.33902,78.56577,734,85,1,85,"BookMyShow, MediaAnt",
Hyderabad,Viswanath 70MM Theater: Kukatpally,80,1204,1,Single Screen,,17.49677,78.39703,902,80,1,80,"BookMyShow, MediaAnt",
Hyderabad,Vyjayanthi Cinema: Nacharam,100,711,1,Single Screen,,17.42889,78.55238,253,100,1,100,"BookMyShow, MediaAnt",
Hyderabad,Yadagiri Theatre: Santosh Nagar,75,1076,1,Single Screen,,17.34657,78.50888,177,75,1,75,"BookMyShow, MediaAnt",
Hyderabad,"Yakut Mahal Talkies, Yakutpura",,521,1,Single Screen,,17.3616553,78.4857269,,,,,MediaAnt,
Kochi,"Ajantha Theatre, Mattancherry Jetty",,620,1,Single Screen,,9.9538634,76.2475442,,,,,MediaAnt,
Kochi,"Cinemax: Oberon, Kochi",128.3472222,634,4,Multiplex,Cinemax,10.01432,76.31232,634,111.3333333,4,131.4090909,BookMyShow,
Kochi,"Cinepolis: Centre Square Mall, Kochi",,1488,8,Multiplex,Cinepolis,9.9778687,76.2831729,,,,,Internet Research,
Kochi,"Cinepolis: VIP Centre Square Mall, Kochi",,235,3,Multiplex,Cinepolis,9.9778687,76.2831729,,,,,Internet Research,
Kochi,"Evm Cinema Studio, KSRTC Road",,1220,4,Multiplex,,9.9468236,76.2556623,,,,,MediaAnt,
Kochi,EVM Kavitha Theatre 2K UFO: Ernakulam,110,1220,4,Multiplex,,9.978573,76.28262,200,110,1,110,"BookMyShow, MediaAnt",
Kochi,"Jayalakshmi Talkies, Palluruthy",,600,1,Single Screen,,9.924479,76.2714001,,,,,MediaAnt,
Kochi,"Jyothy, PP Road",,713,1,Single Screen,,9.9579586,76.2902266,,,,,MediaAnt,
Kochi,"Kanoos Cinema, Panampilly Nagar",,220,1,Single Screen,,9.9598034,76.2892536,,,,,MediaAnt,
Kochi,Padma Cinema Screen 1: Ernakulam,105,324,1,Single Screen,,9.981755,76.2826,324,105,1,105,BookMyShow,
Kochi,Padma Cinema Screen 2: Ernakulam,110,98,1,Single Screen,,9.981755,76.2826,98,110,1,110,BookMyShow,
Kochi,"Pratheeksha Theatre, Kumbalangi Road",,670,1,Single Screen,,9.9142577,76.2788272,,,,,MediaAnt,
Kochi,Q Cinemas: Gold Souk Grande,159.5384615,1236,4,Multiplex,Q Cinemas,9.977553,76.31627,920,110,4,156.0869565,"BookMyShow, MediaAnt",
Kochi,Sarita Cinema: Kochi,110,2141,3,Multiplex,,9.984626,76.27759,90,110,3,110,"BookMyShow, Internet Research",http://www.snehasallapam.com/forum2/12295-theater-capacity-ticket-rates.html
Kochi,Sridar Cinemas: Ernakulam,114,530,1,Single Screen,,9.979525,76.27683,310,114,1,114,"BookMyShow, Internet Research",http://www.snehasallapam.com/forum2/12295-theater-capacity-ticket-rates.html
Kolkata,11D Adventureplex: Quest Mall,250,30,1,Single Screen,,22.52575,88.35952,50,250,5,250,"BookMyShow, Internet Research",https://webcache.googleusercontent.com/search?q=cache:unx7Inl69MQJ:https://www.telegraphindia.com/1140313/jsp/t2/story_18073735.jsp+&cd=6&hl=en&ct=clnk&gl=us
Kolkata,7D Adventure Plex: Mani Square Mall,200,32,1,Single Screen,,22.57758,88.4006,40,200,4,200,BookMyShow,https://www.indiamart.com/7dadventure-plex/showtimes-of-7d-adventure-plex-mani-square-mall.html
Kolkata,"Aleya Cinema, Ballygunge RS",,447,1,Single Screen,,22.52022,88.367129,,,,,MediaAnt,
Kolkata,Asoka Cinema: Behala,98.16666667,867,1,Single Screen,,22.49382,88.31637,157,105,1,99.875,"BookMyShow, MediaAnt",
Kolkata,"Basusree, SP Mukherjee Road",,1020,1,Single Screen,,22.5226283,88.3462934,,,,,MediaAnt,
Kolkata,"Bhabani Cinema, Indrani Park",,665,1,Single Screen,,22.5055091,88.3451152,,,,,MediaAnt,
Kolkata,"Bijoli Cinema, Bhawanipore",,921,1,Single Screen,,22.5271158,88.34657,,,,,MediaAnt,
Kolkata,Bina Cinema - Kolkatta,,775,1,Single Screen,,22.5814515,88.3658105,,,,,Internet Research,
Kolkata,"Chabighar, Parsibagan",,646,1,Single Screen,,22.5795878,88.3724625,,,,,MediaAnt,
Kolkata,"Cinepolis: Acropolis Mall, Kolkata",200.5,885,4,Multiplex,Cinepolis,22.51558,88.39319,873,140,4,199.2,BookMyShow,
Kolkata,"Cinepolis: Lake Mall, Kolkata",214.2045455,947,4,Multiplex,Cinepolis,22.51652,88.34876,947,160.8333333,4,218.1666667,BookMyShow,
Kolkata,"Crown Cinema, Dharmatala",,1056,1,Single Screen,,22.5598378,88.3582877,,,,,MediaAnt,
Kolkata,"Darpana, Bidhan Sarani",,690,1,Single Screen,,22.5977679,88.372279,,,,,MediaAnt,
Kolkata,"Elite Cinema, Dharmatala",,1258,1,Single Screen,,22.5630154,88.3538713,,,,,MediaAnt,
Kolkata,"Ellora Cinema, Behala Municipal Market",,2080,2,Multiplex,,22.5000008,88.31873,,,,,MediaAnt,
Kolkata,Hind INOX: Kolkata,178.2,710,2,Multiplex,Inox,22.56492,88.3591,704,118,2,184.6666667,"BookMyShow, Internet Research",http://www.excellentpublicity.com/cinema
Kolkata,Indira Cinema: Kolkata,80,733,1,Single Screen,,22.52712,88.34657,130,80,2,80,"BookMyShow, Internet Research",http://davp.nic.in/ri.pdf
Kolkata,"INOX: Forum Mall, Elgin Road",231.1720833,1015,4,Multiplex,Inox,22.53844,88.3513,1155,170,4,232.9417333,"BookMyShow, Internet Research",http://www.excellentpublicity.com/cinema
Kolkata,INOX: Hiland Park,171.452381,934,4,Multiplex,Inox,22.48339,88.39075,1207,159.25,4,171.8125,BookMyShow,
Kolkata,INOX: Quest Mall,313.0919697,511,4,Multiplex,Inox,22.53914,88.36565,1189,202.5,4,312.8032,BookMyShow,
Kolkata,INOX: Quest Mall (Insignia),608.3333333,162,3,Multiplex,Inox,22.53914,88.36565,239,416.6666667,3,608.3333333,BookMyShow,
Kolkata,"INOX: South City, Kolkata",306.1619444,1426,6,Multiplex,Inox,22.50136,88.36196,1575,221.6666667,6,316.0084234,"BookMyShow, MediaAnt",
Kolkata,"INOX: Swabhumi, Maulana Azad Sarani",166.7109259,1022,4,Multiplex,Inox,22.57114,88.40126,2428,90,4,166.5562069,"BookMyShow, MediaAnt",
Kolkata,"Jagat, Sealdah",,377,1,Single Screen,,22.5714426,88.371308,,,,,MediaAnt,
Kolkata,"Kamal Talkies, Garden Reach",,848,1,Single Screen,,22.5485444,88.2891741,,,,,MediaAnt,
Kolkata,"Khatoon Mahal, Garden Reach",,712,1,Single Screen,,22.5486653,88.2809764,,,,,MediaAnt,
Kolkata,"Liberty Cinema, Beadon Street",,724,1,Single Screen,,22.5887838,88.3632207,,,,,MediaAnt,
Kolkata,London Paris: Mukti World Ballygunge,237,298,2,Multiplex,,22.52623,88.36665,298,150,2,233.3333333,BookMyShow,
Kolkata,"Malancha Cinema, Netaji Nagar",,840,1,Single Screen,,22.4870162,88.3506847,,,,,MediaAnt,
Kolkata,"Mayur Cinema, Chittaranjan Avenue",,853,1,Single Screen,,22.5751236,88.3538911,,,,,MediaAnt,
Kolkata,Menoka Cinema: Kolkata,130,790,1,Single Screen,,22.51115,88.35068,233,130,1,130,"BookMyShow, Internet Research",
Kolkata,"Minar Cinema, R.G.Kar Medical College",,849,1,Single Screen,,22.5973062,88.3718559,,,,,MediaAnt,
Kolkata,Mitra Cinema Hall: Kolkata,80,1146,1,Single Screen,,22.59727,88.37205,111,80,1,80,"BookMyShow, Internet Research",http://davp.nic.in/ri.pdf
Kolkata,"Moonlight Cinema, Chittaranjan Avenue",,780,1,Single Screen,,22.5775595,88.3598131,,,,,MediaAnt,
Kolkata,Navina Cinema: Tollygunge,110.1333333,983,1,Single Screen,,22.501,88.34881,352,113.3333333,1,110.1333333,"BookMyShow, Internet Research",http://thecalcuttagirl.com/10-awesome-single-screen-cinema-halls-of-calcutta/
Kolkata,"Netro, Dum Dum",,684,1,Single Screen,,22.6210274,88.3928183,,,,,MediaAnt,
Kolkata,"New Empire Cinema, New Market",,750,1,Single Screen,,22.5605129,88.3514889,,,,,MediaAnt,
Kolkata,"Padmasree Cinema, Jadavpore",,730,1,Single Screen,,22.4728672,88.37637,,,,,MediaAnt,
Kolkata,Paradise Cinema: Kolkata,110,1063,1,Single Screen,,22.5668,88.35196,70,110,1,110,"BookMyShow, Internet Research",
Kolkata,"Park Show House, Shakespeare Sarani",,588,1,Single Screen,,22.5462997,88.3622103,,,,,MediaAnt,
Kolkata,"Prabhat Cinema, Barabazar",,700,1,Single Screen,,22.5789136,88.3606355,,,,,MediaAnt,
Kolkata,Prachi Cinema: Kolkata,80,784,1,Single Screen,,22.56487,88.36829,97,80,1,80,"BookMyShow, MediaAnt",
Kolkata,Priya Cinema: Rashbehari Avenue,152,793,1,Single Screen,,22.51794,88.35438,793,152,1,152,BookMyShow,
Kolkata,"PVR: Mani Square Mall, Kolkata",237.3840741,1208,4,Multiplex,PVR,22.57771,88.4009,1398,200,4,243.2663095,"BookMyShow, MediaAnt",
Kolkata,"Ragini Cinema, Beliaghata",,999,1,Single Screen,,22.5616213,88.4063598,,,,,MediaAnt,
Kolkata,"Regal Cinema, Dharmatala",,500,1,Single Screen,,22.5628269,88.3526567,,,,,MediaAnt,
Kolkata,Regal Cinema: Kolkata,80,500,1,Single Screen,,22.56284,88.35266,38,80,1,80,"BookMyShow, MediaAnt",
Kolkata,Roxy Talkies: Kolkata,85,730,1,Single Screen,,22.56229,88.35205,40,85,1,85,"BookMyShow, MediaAnt",
Kolkata,"Star Theatre, Bidhan Sarani",,685,1,Single Screen,,22.5972365,88.3719017,,,,,MediaAnt,
Kolkata,"Talkie Show House, Sibdas Bhaduri St",,994,1,Single Screen,,22.5985914,88.373945,,,,,MediaAnt,
Mumbai,24 Karat: Jogeshwari,219.5555556,1527,4,Multiplex,,19.14108,72.84372,1543,130,4,227.5,BookMyShow,
Mumbai,"Akash Cinema, Kurla North",,388,1,Single Screen,,19.0668861,72.8786582,,,,,MediaAnt,
Mumbai,"Alankar Cinema, Ambewadi",,942,1,Single Screen,,18.9579554,72.8254315,,,,,MediaAnt,
Mumbai,"Amar Theatre, Chembur",,1155,1,Single Screen,,19.0523111,72.9101544,,,,,MediaAnt,
Mumbai,"Ashish Theatre, Chembur Extension",,1000,1,Single Screen,,19.039534,72.89525,,,,,MediaAnt,
Mumbai,Bahar Cinema: Vile Parle (E),190,299,1,Single Screen,,19.10867,72.85335,299,190,1,190,BookMyShow,
Mumbai,"Bharat Chitra Mandir, Kurla North",,398,2,Multiplex,,19.071989,72.884082,,,,,MediaAnt,
Mumbai,Bharat Cineplex: Kurla (W),175,398,2,Multiplex,,19.06685,72.87733,398,175,2,175,"BookMyShow, MediaAnt",
Mumbai,"Carnival: Annex Mall, Borivali",174.1092593,636,4,Multiplex,Carnival,19.21546,72.86812,739,119.25,4,174.0384615,"BookMyShow, MediaAnt",
Mumbai,"Carnival: Dreams Mall, Bhandup",138.2121212,1334,6,Multiplex,Carnival,19.14617,72.93694,1106,114,5,140.3793103,"BookMyShow, MediaAnt",
Mumbai,"Carnival: Harmony Mall, Oshiwara",160.06,433,2,Multiplex,Carnival,19.15756,72.83473,433,116.6666667,2,160.8717949,BookMyShow,
Mumbai,"Carnival: Huma, Kanjurmarg",136.6916667,1263,4,Multiplex,Carnival,19.12873,72.92615,1263,110,4,134.8461538,BookMyShow,
Mumbai,"Carnival: IMAX, Wadala",196.5968254,1634,5,Multiplex,Carnival,19.03122,72.881,1334,128.6666667,4,202.1025641,"BookMyShow, MediaAnt",
Mumbai,"Carnival: Moviestar, Goregaon",123.8589744,1366,7,Multiplex,Carnival,19.1513,72.84638,1040,110.625,4,126.925,"BookMyShow, MediaAnt",
Mumbai,Carnival: R Mall Mulund,150.9619048,1353,4,Multiplex,Carnival,19.18385,72.95173,1353,106,4,148.0277778,BookMyShow,
Mumbai,"Carnival: Sangam, Andheri",230.712963,1274,4,Multiplex,Carnival,19.11239,72.86467,1274,128,4,228.0384615,BookMyShow,
Mumbai,Central Plaza: Girgaon,171.3333333,517,1,Single Screen,,18.95464,72.81875,517,106.6666667,1,166.1904762,BookMyShow,
Mumbai,Chandan Cinema: Juhu,155.75,587,1,Single Screen,,19.1147,72.8269,587,124.5,1,152.625,BookMyShow,
Mumbai,Chitra Cinema: Dadar (E),128.3333333,635,1,Single Screen,,19.01336,72.84388,539,120,1,127.5,"BookMyShow, mediaAnt",
Mumbai,Cinemax: Andheri (E),118,362,1,Single Screen,Cinemax,19.11633,72.85641,362,118,1,118,BookMyShow,
Mumbai,Cinemax: Goregaon (W),104.6666667,649,1,Single Screen,Cinemax,19.15758,72.84491,649,80,1,104.8,BookMyShow,
Mumbai,"Cinemax: Infiniti Mall, Malad (W)",252.310119,904,5,Multiplex,Cinemax,19.18512,72.83401,951,144.4,5,244.1777778,"BookMyShow, Internet Research",http://www.excellentpublicity.com/cinema/
Mumbai,"Cinemax: R Odeon Mall, Ghatkopar (E)",158.3928571,1250,4,Multiplex,Cinemax,19.0796,72.90937,1058,115,4,155.8,"BookMyShow, Internet Research",
Mumbai,"Cinepolis: Fun Republic Mall, Andheri (W)",260.0092593,1271,4,Multiplex,Cinepolis,19.13469,72.83279,907,187.5,4,257.5,"BookMyShow, MediaAnt",
Mumbai,"Cinepolis: Magnet Mall, Bhandup (W)",210.2347222,956,6,Multiplex,Cinepolis,19.14114,72.93097,902,175.1388889,6,212.6126126,"BookMyShow, MediaAnt",
Mumbai,Citylight Cinema: Mahim,181.25,252,1,Single Screen,,19.03054,72.84139,252,100,1,175,BookMyShow,http://www.citylightcinema.com/
Mumbai,"Edward Talkies, Kalbadevi",,509,1,Single Screen,,18.945067,72.828944,,,,,MediaAnt,
Mumbai,EROS Theatre,,1204,1,Single Screen,,18.932265,72.8279021,,,,,Internet Research,
Mumbai,"Fun Cinemas: K Star Mall, Chembur",149.7530864,1253,5,Multiplex,Fun Cinemas,19.05235,72.90172,1241,103.3333333,5,152.8888889,"BookMyShow, MediaAnt",
Mumbai,G7 Multiplex: Bandra (W),98.66666667,2266,7,Multiplex,,19.06148,72.83872,3714,97.14285714,7,98.16091954,BookMyShow,
Mumbai,Gold Cinema: Dadar (E),155,245,1,Single Screen,Gold Cinema,19.00916,72.84208,245,90,1,153,BookMyShow,
Mumbai,Gold Cinema: Santacruz (W),205.3333333,420,1,Single Screen,Gold Cinema,19.08958,72.83912,420,118,1,201.6,BookMyShow,
Mumbai,Gold Cinema: Sona Borivali (E),151.6666667,259,1,Single Screen,Gold Cinema,19.23479,72.86494,259,96.66666667,1,142.6666667,BookMyShow,
Mumbai,"Gulshan Cinema, Ambewadi",,725,1,Single Screen,,18.9611893,72.8237326,,,,,MediaAnt,
Mumbai,"Imperial Cinema Pvt Ltd., Ambewadi",,816,1,Single Screen,,18.9585704,72.8174214,,,,,MediaAnt,
Mumbai,"INOX Laserplex: CR2, Nariman Point",496.005291,868,5,Multiplex,Inox,18.92648,72.82293,695,256,5,497.6666667,BookMyShow,
Mumbai,"INOX: Inorbit Mall, Malad (W)",279.2494444,1212,7,Multiplex,Inox,19.17238,72.83547,1739,150.2857143,7,273.8861789,BookMyShow,
Mumbai,"INOX: Nakshatra Mall, Dadar (W)",167.3333333,272,1,Single Screen,Inox,19.0199,72.84133,272,126,1,163.2,BookMyShow,
Mumbai,"INOX: Neelyog, Ghatkopar (E)",159.4047619,915,4,Multiplex,Inox,19.08522,72.90917,1252,115,4,160.8,BookMyShow,
Mumbai,"INOX: Raghuleela Mall, Kandivali (W)",194.4583333,1236,5,Multiplex,Inox,19.21345,72.84918,1460,118,5,195.6551724,BookMyShow,
Mumbai,"INOX: R-City, Ghatkopar",357.0008547,1220,9,Multiplex,Inox,19.09982,72.91545,1700,204.5925926,9,372.4213836,BookMyShow,
Mumbai,"INOX: Thakur Movie, Kandivali (E)",126.9166667,410,1,Single Screen,Inox,19.21198,72.87165,410,100,1,128.4166667,BookMyShow,
Mumbai,"Kalpana Cinema, Kurla North",,1188,1,Single Screen,,19.0774572,72.8789704,,,,,MediaAnt,
Mumbai,"Kamran Theatre, Kurla North",,432,1,Single Screen,,19.077327,72.8788352,,,,,MediaAnt,
Mumbai,Kasturba Cinema: Malad,112.2222222,350,1,Single Screen,,19.18786,72.84753,350,90,1,110,BookMyShow,
Mumbai,"Kings Cinema, Kurla North",,191,1,Single Screen,,19.0774291,72.8789924,,,,,MediaAnt,
Mumbai,"KSS Miniplex, Kurla North",,182,3,Multiplex,K Sera Sera,19.0819265,72.8861376,,,,,MediaAnt,
Mumbai,Le Reve (Globus): Bandra (W),195.5,259,1,Single Screen,,19.05605,72.83383,259,115,1,192.1428571,BookMyShow,
Mumbai,Liberty Cinema: Marine Lines,145,1115,1,Single Screen,,18.94143,72.82727,1115,140,1,145,BookMyShow,
Mumbai,Maratha Mandir: Mumbai Central,60,1107,1,Single Screen,,18.97133,72.82214,1107,20,1,68,BookMyShow,
Mumbai,Maxus Cinemas: Borivali (W),224.6354167,917,4,Multiplex,Maxus Cinema,19.23223,72.82884,896,171.25,4,216.7391304,"BookMyShow, MediaAnt",
Mumbai,Maxus Cinemas: Saki Naka,194.9404762,951,4,Multiplex,Maxus Cinema,19.09339,72.88374,951,143.75,4,189.3103448,BookMyShow,
Mumbai,"Mayur Cinema, Subhash Lane",,645,1,Single Screen,,19.2020115,72.8450572,,,,,MediaAnt,
Mumbai,"Metro INOX Cinemas, Marine Lines",,1342,5,Multiplex,Inox,18.9430131,72.8288781,,,,,Internet Research,
Mumbai,Miraj Anupam Cinemas: Goregaon (E),146.1666667,490,2,Multiplex,Miraj Cinema,19.16545,72.85126,490,100,2,143.5714286,BookMyShow,
Mumbai,Miraj Thakur Cinemas: Kandivali (E),196.875,668,1,Single Screen,Miraj Cinema,19.20909,72.87242,668,120,1,186.5625,BookMyShow,
Mumbai,"Moti Cinema, Ambewadi",,745,1,Single Screen,,18.9583336,72.8265371,,,,,MediaAnt,
Mumbai,Movietime Star City: Matunga (W),172.375,366,1,Single Screen,Movietime,19.0286,72.8436,366,125,1,168.1666667,BookMyShow,
Mumbai,Movietime Suburbia: Bandra (W),458.9,189,1,Single Screen,Movietime,19.06099,72.83685,176,425,1,458.1666667,"BookMyShow, MediaAnt",
Mumbai,Movietime: Dahisar (E),140.5555556,354,1,Single Screen,Movietime,19.25194,72.86307,354,90,1,138.3333333,BookMyShow,
Mumbai,Movietime: Malad,161.4444444,403,3,Multiplex,Movietime,19.18909,72.83519,403,128.3333333,3,163.9166667,BookMyShow,
Mumbai,"Movietime: The Hub, Goregaon",178.6022487,1320,7,Multiplex,Movietime,19.1548,72.85626,1390,100,7,180.7692308,"BookMyShow, MediaAnt",
Mumbai,"Mukta A2 Cinemas: Jai Hind, Lalbaugh",158.0555556,350,2,Multiplex,Mukta A2,18.98584,72.83596,350,90,2,157.5384615,BookMyShow,
Mumbai,"Mukta A2 Cinemas: Topiwala, Goregaon",129.5462963,453,2,Multiplex,Mukta A2,19.16381,72.84758,453,103.3333333,2,130.1025641,BookMyShow,
Mumbai,Nandi Cinema: National Library Road,65,762,1,Single Screen,,19.05546,72.83874,762,65,1,65,BookMyShow,
Mumbai,Natraj Cinema: Chembur,65,746,1,Single Screen,,19.06247,72.89922,746,65,1,65,BookMyShow,
Mumbai,New Excelsior Mukta A2 Cinemas: Fort,160.25,596,1,Single Screen,,18.93768,72.83344,596,118,1,155.5,BookMyShow,
Mumbai,"New Shirin Talkies, Agripada",,801,1,Single Screen,,18.9811379,72.8260349,,,,,MediaAnt,
Mumbai,"Nishat Talkies, Falkland Road",,691,1,Single Screen,,18.9620811,72.8237374,,,,,MediaAnt,
Mumbai,"Palace Talkies, V J B Udyan",,724,1,Single Screen,,18.9759324,72.8331947,,,,,MediaAnt,
Mumbai,Paradise E-Square Cinema: Mahim,102.2916667,502,1,Single Screen,,19.0372,72.84256,502,85,1,100.5625,BookMyShow,
Mumbai,Plaza Cinema: Dadar,227.5,691,1,Single Screen,,19.02185,72.84276,691,227.5,1,227.5,BookMyShow,
Mumbai,Premier Gold: Dongri,110.8333333,330,1,Single Screen,,18.96089,72.83809,330,90,1,110,BookMyShow,
Mumbai,Premiere Cinema: Dadar (E),132.5,465,1,Single Screen,,19.00752,72.84061,465,110,1,132.5,BookMyShow,
Mumbai,PVR ICON: Versova,290.9197531,844,4,Multiplex,PVR,19.14147,72.83059,1064,183.3333333,4,304.4927536,BookMyShow,
Mumbai,PVR ICON: Versova (Gold),616.6666667,86,2,Multiplex,PVR,19.14147,72.83059,172,400,2,625,BookMyShow,
Mumbai,"PVR: Citi Mall, Andheri (W)",265.4938272,864,4,Multiplex,PVR,19.13854,72.83122,1080,150,5,268.4375,"BookMyShow, MediaAnt",
Mumbai,"PVR: Dynamix, Juhu",277.4550265,1279,5,Multiplex,PVR,19.11482,72.82753,1452,150,5,270,"BookMyShow, MediaAnt",
Mumbai,"PVR: Growel, Kandivali (E)",228.452381,482,4,Multiplex,PVR,19.20261,72.86005,874,99.16666667,4,224.1333333,BookMyShow,
Mumbai,"PVR: Market City, Kurla (4DX)",398.2142857,288,2,Multiplex,PVR,19.08571,72.88842,288,241.25,2,398.2142857,BookMyShow,
Mumbai,"PVR: Market City, Kurla (Gold)",530,137,2,Multiplex,PVR,19.08571,72.88842,137,355,2,536.8181818,BookMyShow,
Mumbai,"PVR: Market City, Kurla (Premiere)",243.723545,910,5,Multiplex,PVR,19.08571,72.88842,1133,94.5,5,240.4032258,BookMyShow,
Mumbai,"PVR: Milap, Kandivali (W)",197.5,325,2,Multiplex,PVR,19.19617,72.84706,325,107.5,2,204.375,BookMyShow,
Mumbai,"PVR: Nirmal Lifestyle, Mulund (W)",172.7777778,1815,6,Multiplex,PVR,19.16732,72.93695,1784,120,6,168.2352941,"BookMyShow, MediaAnt",
Mumbai,"PVR: Oberoi Mall, Goregaon (E)",264.9142857,1782,6,Multiplex,PVR,19.17399,72.86125,1210,152.5,4,266.1111111,"BookMyShow, MediaAnt",
Mumbai,"PVR: Phoenix, Kotak IMAX, Lower Parel",267.3333333,444,1,Single Screen,PVR,18.9952,72.82407,444,150,1,267.3333333,BookMyShow,
Mumbai,"PVR: Phoenix, Lower Parel",337.8737374,1760,7,Multiplex,PVR,18.9952,72.82407,1472,210,6,349.6190476,BookMyShow,
Mumbai,PVR: Sion,172.8125,730,3,Multiplex,PVR,19.04175,72.86422,841,98.33333333,3,169.047619,"BookMyShow, MediaAnt",
Mumbai,"PVR: Sona Shopping Centre, Kandivali (W)",125.4166667,287,1,Single Screen,PVR,19.20243,72.8511,287,90,1,124,BookMyShow,
Mumbai,Regal Cinema: Colaba,166,1178,1,Single Screen,,18.92472,72.83243,1178,166,1,166,BookMyShow,
Mumbai,"RNA Play Cinema: Kalanagar, Bandra (E)",280,195,1,Single Screen,,19.06131,72.85097,195,200,1,283,BookMyShow,
Mumbai,Roxy Cinema: Charni Road,175.3333333,343,1,Single Screen,,18.95486,72.81667,343,70,1,170,BookMyShow,
Mumbai,"Royal Talkies, Falkland Road",,708,1,Single Screen,,18.9614956,72.8238455,,,,,MediaAnt,
Mumbai,Sangeeta Cineplex: Malad,128.45,178,1,Single Screen,,19.18976,72.85168,178,99,1,131.7272727,BookMyShow,
Mumbai,"Shalimar Cinema, Bharat Nagar",,704,1,Single Screen,,18.9616462,72.8210111,,,,,MediaAnt,
Mumbai,"Sharad Talkies, Chembur",,400,1,Single Screen,,19.0506621,72.9104431,,,,,MediaAnt,
Mumbai,Sharada Cinema: Dadar (E),55,1104,1,Single Screen,,19.01385,72.84666,1060,55,1,55,"BookMyShow, MediaAnt",
Mumbai,"Sheetal Cinema, Kurla North",,993,1,Single Screen,,19.0825802,72.8822279,,,,,MediaAnt,
Mumbai,"Shri Krishna Cinema, Bhandup Ind. Estate",,766,1,Single Screen,,19.151394,72.936919,,,,,MediaAnt,
Mumbai,"Silver Cinema, Ambewadi",,636,1,Single Screen,,18.9586775,72.8254684,,,,,MediaAnt,
Mumbai,Sterling Cineplex: Fort,167.5416667,900,3,Multiplex,,18.93838,72.83307,900,90,3,165,BookMyShow,
Mumbai,Sun City: Vile Parle,180.2083333,615,2,Multiplex,,19.10541,72.84651,615,100,2,173.0769231,BookMyShow,
Mumbai,"Super Cinema, Bharat Nagar",,822,1,Single Screen,,18.9620626,72.8209921,,,,,MediaAnt,
Mumbai,Super Cinema: Grant Road,,822,1,Single Screen,,18.962068,72.821162,,,,,Internet Research,
